Date,Type,Prediction,Actual
2009-01-02,Train,-0.055313192307949066,-0.05188529083869675
2009-01-05,Train,-0.09472997486591339,-0.09864607763167066
2009-01-06,Train,-0.07283239811658859,-0.06958188032187862
2009-01-07,Train,-0.05391751229763031,-0.05519054782197275
2009-01-08,Train,-0.059479791671037674,-0.0604681598345741
2009-01-09,Train,-0.03004014864563942,-0.03192547702745385
2009-01-12,Train,-0.0021401685662567616,-0.006775093490449247
2009-01-13,Train,0.024006688967347145,0.02776836016786999
2009-01-14,Train,0.029467079788446426,0.03318200456817677
2009-01-15,Train,0.002555025741457939,-0.001374601890136606
2009-01-16,Train,0.002231229329481721,-0.000339912605571091
2009-01-20,Train,0.06568145006895065,0.06831193910236721
2009-01-21,Train,0.02188940905034542,0.02607204935943508
2009-01-22,Train,0.06655378639698029,0.06293461236223208
2009-01-23,Train,0.08097957074642181,0.08546717139468041
2009-01-26,Train,0.07006628811359406,0.08210234763095636
2009-01-27,Train,0.03494471311569214,0.03478855622033761
2009-01-28,Train,-0.004154426511377096,-0.004942326742831127
2009-01-29,Train,0.029686158522963524,0.03346855218632894
2009-01-30,Train,0.04947888106107712,0.04714387007608201
2009-02-02,Train,-0.0020781964994966984,-0.00646040581582441
2009-02-03,Train,-0.019324082881212234,-0.02109143121575496
2009-02-04,Train,-0.03421842306852341,-0.03744563482442376
2009-02-05,Train,-0.06345365196466446,-0.05561003835661293
2009-02-06,Train,-0.09798577427864075,-0.1118903453930418
2009-02-09,Train,-0.0905950590968132,-0.08634918455093621
2009-02-10,Train,-0.06449393928050995,-0.05767963056027647
2009-02-11,Train,-0.080788254737854,-0.07980131743471974
2009-02-12,Train,-0.10359872877597809,-0.09944386779609327
2009-02-13,Train,-0.10698059946298599,-0.1245481721169326
2009-02-17,Train,-0.08101975917816162,-0.08898010045239146
2009-02-18,Train,-0.0698610469698906,-0.06532147272103306
2009-02-19,Train,-0.07556077092885971,-0.07919418597224959
2009-02-20,Train,-0.07925254106521606,-0.08901979658692294
2009-02-23,Train,-0.06571141630411148,-0.07609478796801239
2009-02-24,Train,-0.05141778290271759,-0.05038223517528551
2009-02-25,Train,-0.03202815726399422,-0.02938090759372924
2009-02-26,Train,0.03551472723484039,0.03166603568821436
2009-02-27,Train,0.039539217948913574,0.04395201795471126
2009-03-02,Train,0.06361912190914154,0.06081084370680911
2009-03-03,Train,0.10164570063352585,0.1018031179202135
2009-03-04,Train,0.08676737546920776,0.08671792337539164
2009-03-05,Train,0.11737164855003357,0.1195775197632902
2009-03-06,Train,0.11100290715694427,0.1095057472114636
2009-03-09,Train,0.18885844945907593,0.2004661963207142
2009-03-10,Train,0.11082880198955536,0.1097694843898553
2009-03-11,Train,0.10114714503288269,0.09801799327403571
2009-03-12,Train,0.08990459889173508,0.0955702742876432
2009-03-13,Train,0.06890817731618881,0.07237299722584956
2009-03-16,Train,0.07346133142709732,0.0636942400029048
2009-03-17,Train,0.04449529945850372,0.03375382794726822
2009-03-18,Train,0.04761654883623123,0.03602692482619041
2009-03-19,Train,0.06629080325365067,0.07008085924255636
2009-03-20,Train,0.09369893372058868,0.1086359882039836
2009-03-23,Train,0.047532591968774796,0.04433659728629347
2009-03-24,Train,0.04210579767823219,0.03593802028782545
2009-03-25,Train,0.05042644217610359,0.04857241493065279
2009-03-26,Train,0.04938235506415367,0.04871056309231192
2009-03-27,Train,0.06686172634363174,0.06716416986765394
2009-03-30,Train,0.07670794427394867,0.08083839839310625
2009-03-31,Train,0.07014404237270355,0.06860164419492909
2009-04-01,Train,0.07196427136659622,0.08027303165281263
2009-04-02,Train,0.043351128697395325,0.04880356212968917
2009-04-03,Train,0.0066468361765146255,-0.003400210226973899
2009-04-06,Train,0.01535006146878004,0.01301512745545264
2009-04-07,Train,0.04502372816205025,0.04360282736813392
2009-04-08,Train,0.0344231016933918,0.03630672362166742
2009-04-09,Train,0.024417327716946602,0.02276867125889526
2009-04-13,Train,0.026931941509246826,0.02553968282687968
2009-04-14,Train,0.031453803181648254,0.03047084680286938
2009-04-15,Train,0.04386001452803612,0.04753077247851456
2009-04-16,Train,0.03146445378661156,0.03128751649563832
2009-04-17,Train,0.03160461038351059,0.03182220098746935
2009-04-20,Train,0.07248176634311676,0.08715872866937713
2009-04-21,Train,0.06919354200363159,0.0712756784624331
2009-04-22,Train,0.062143538147211075,0.06831344316031429
2009-04-23,Train,0.03343643248081207,0.03322254466456243
2009-04-24,Train,0.018005352467298508,0.01602852293081547
2009-04-27,Train,0.015851140022277832,0.01838123155348437
2009-04-28,Train,0.014281434006989002,0.0134408831867443
2009-04-29,Train,-0.020983077585697174,-0.02710660595670511
2009-04-30,Train,-0.02134455367922783,-0.02596264356304312
2009-05-01,Train,-0.024643579497933388,-0.02909514201562302
2009-05-04,Train,-0.02167349122464657,-0.02310977392938973
2009-05-05,Train,-0.017022959887981415,-0.01770413831469031
2009-05-06,Train,-0.020663045346736908,-0.02141022055767983
2009-05-07,Train,-0.008043828420341015,-0.01636941168022199
2009-05-08,Train,-0.00997820496559143,-0.02015771650413245
2009-05-11,Train,0.00439814105629921,0.01280938750951455
2009-05-12,Train,0.015009772963821888,0.01827288318032205
2009-05-13,Train,0.058028336614370346,0.05844943302300898
2009-05-14,Train,0.06458472460508347,0.05959873359817247
2009-05-15,Train,0.08852230757474899,0.09050046612012586
2009-05-18,Train,0.060697589069604874,0.06425224417047115
2009-05-19,Train,0.058612167835235596,0.05610465754554839
2009-05-20,Train,0.05891965329647064,0.07176204745536974
2009-05-21,Train,0.08575166761875153,0.0930162588851835
2009-05-22,Train,0.09338027238845825,0.09332132283779804
2009-05-26,Train,0.05413016676902771,0.06208680053377247
2009-05-27,Train,0.07020004838705063,0.0657018960315554
2009-05-28,Train,0.047636453062295914,0.05350497542385435
2009-05-29,Train,0.03165518119931221,0.03589599828780687
2009-06-01,Train,-0.009381613694131374,-0.01346517922473278
2009-06-02,Train,-0.01677115447819233,-0.0244236943795082
2009-06-03,Train,-0.012183759361505508,-0.01211126945306507
2009-06-04,Train,-0.02546512521803379,-0.02504088028340479
2009-06-05,Train,-0.02421010471880436,-0.01685695901202033
2009-06-08,Train,-0.034264158457517624,-0.04335959687167756
2009-06-09,Train,-0.04108283668756485,-0.05277403850273499
2009-06-10,Train,-0.033439382910728455,-0.03340574558476239
2009-06-11,Train,-0.018972212448716164,-0.01439431786229417
2009-06-12,Train,-0.012569891288876534,-0.00763990674861037
2009-06-15,Train,0.012062105350196362,0.01532031235887477
2009-06-16,Train,0.020081641152501106,0.02334745003846361
2009-06-17,Train,0.013188634067773819,0.01421014613830196
2009-06-18,Train,-0.0023833359591662884,-0.006141854343312936
2009-06-19,Train,-0.01817518286406994,-0.02074115053000136
2009-06-22,Train,-0.004526963457465172,-0.01567853543470799
2009-06-23,Train,-0.0032259465660899878,-0.00828574044363839
2009-06-24,Train,-0.017645133659243584,-0.02304017115224977
2009-06-25,Train,-0.030170762911438942,-0.03775152141139382
2009-06-26,Train,-0.016391625627875328,-0.02144621397316204
2009-06-29,Train,-0.010945581831037998,-0.02002742186437911
2009-06-30,Train,0.017257070168852806,0.0148432403786638
2009-07-01,Train,0.02265234850347042,0.0263736001162016
2009-07-02,Train,0.05567539110779762,0.05505626357244697
2009-07-06,Train,0.06227615848183632,0.07088388399743639
2009-07-07,Train,0.09783961623907089,0.1057052318248948
2009-07-08,Train,0.1104210615158081,0.1091904642896628
2009-07-09,Train,0.12238340824842453,0.1317226907120954
2009-07-10,Train,0.11787820607423782,0.11827036897694
2009-07-13,Train,0.10452117770910263,0.1056476062212042
2009-07-14,Train,0.10102076083421707,0.09406496348057569
2009-07-15,Train,0.05927935615181923,0.06554718590636677
2009-07-16,Train,0.058560810983181,0.05915415011691194
2009-07-17,Train,0.05607876554131508,0.05031947072803944
2009-07-20,Train,0.05622837319970131,0.05590724812635184
2009-07-21,Train,0.045182328671216965,0.04871662114940878
2009-07-22,Train,0.03305720537900925,0.03194804005808649
2009-07-23,Train,0.007260996848344803,0.0007624547689339956
2009-07-24,Train,0.01486753299832344,0.02125484884176321
2009-07-27,Train,0.007332873996347189,0.006353240398838
2009-07-28,Train,0.00466849934309721,0.004605846521109402
2009-07-29,Train,0.010606572031974792,0.01347226174990257
2009-07-30,Train,0.005338745191693306,0.01314128030765915
2009-07-31,Train,0.0018349717138335109,0.004562745290106029
2009-08-03,Train,-0.025872085243463516,-0.03896107236815904
2009-08-04,Train,-0.02553306706249714,-0.02522482800041081
2009-08-05,Train,-0.009235828183591366,-0.0108230634314167
2009-08-06,Train,0.0054527162574231625,0.009649498301452342
2009-08-07,Train,0.008343050256371498,0.01028083842605287
2009-08-10,Train,0.011141542345285416,0.01641418057891308
2009-08-11,Train,0.01899203658103943,0.02827306820700382
2009-08-12,Train,0.013698725029826164,0.0107850593603076
2009-08-13,Train,0.012889084406197071,0.007732635872065519
2009-08-14,Train,0.019606515765190125,0.02043899916130565
2009-08-17,Train,0.03347025066614151,0.04028064593294078
2009-08-18,Train,0.00795446801930666,0.006405329434255869
2009-08-19,Train,0.005499511957168579,-0.001272245242524006
2009-08-20,Train,0.0016783312894403934,-0.00628772662358501
2009-08-21,Train,0.005752430763095617,0.001737396208329134
2009-08-24,Train,0.010152095928788185,0.01217395474451677
2009-08-25,Train,0.01653764769434929,0.01783505671917318
2009-08-26,Train,0.022591281682252884,0.02928040514925456
2009-08-27,Train,0.025446029379963875,0.0277227447916637
2009-08-28,Train,0.023530254140496254,0.03066275273431462
2009-08-31,Train,0.03871791437268257,0.04446671616974274
2009-09-01,Train,0.0728427991271019,0.0799388871494422
2009-09-02,Train,0.07401396334171295,0.08050955025253792
2009-09-03,Train,0.06681369990110397,0.07415845177545632
2009-09-04,Train,0.04933447390794754,0.05475716181990919
2009-09-08,Train,0.04291915148496628,0.04688266491706217
2009-09-09,Train,0.026701679453253746,0.03309809212219994
2009-09-10,Train,0.014403647743165493,0.0142237261113547
2009-09-11,Train,0.012517059221863747,0.004335267417901134
2009-09-14,Train,0.01160904485732317,0.01751438428242236
2009-09-15,Train,0.013461984694004059,0.009806262471783178
2009-09-16,Train,-0.007245379500091076,-0.004007500619596094
2009-09-17,Train,-0.023730657994747162,-0.03324687225855172
2009-09-18,Train,-0.029896749183535576,-0.03675771934667282
2009-09-21,Train,-0.028055399656295776,-0.03194739535121294
2009-09-22,Train,-0.0207692701369524,-0.01664719516455615
2009-09-23,Train,-0.014482215978205204,-0.009187264608695234
2009-09-24,Train,0.0035280815791338682,0.00404093142086448
2009-09-25,Train,0.026677453890442848,0.01870500635554162
2009-09-28,Train,0.006549682002514601,0.003772691534727146
2009-09-29,Train,0.008248736150562763,0.008526778776478006
2009-09-30,Train,0.015432162210345268,0.02153845792691378
2009-10-01,Train,0.0411619208753109,0.05024393593392729
2009-10-02,Train,0.046421390026807785,0.04647743790455916
2009-10-05,Train,0.044321149587631226,0.04853191080883978
2009-10-06,Train,0.031467828899621964,0.03051985302591276
2009-10-07,Train,0.030110357329249382,0.02567755542307815
2009-10-08,Train,0.02047787606716156,0.02533143116255343
2009-10-09,Train,0.011956402100622654,0.01530135435224356
2009-10-12,Train,0.009756387211382389,0.009866149557281823
2009-10-13,Train,-0.012692409567534924,-0.005636488213858093
2009-10-14,Train,-0.03492623567581177,-0.04101020537584177
2009-10-15,Train,-0.026712726801633835,-0.02252673455103027
2009-10-16,Train,-0.02275942638516426,-0.04254323858711739
2009-10-19,Train,-0.0395846962928772,-0.04813696043573534
2009-10-20,Train,-0.04139670729637146,-0.04534944108773065
2009-10-21,Train,-0.038639359176158905,-0.04195636495600097
2009-10-22,Train,-0.021241389214992523,-0.0221658478118163
2009-10-23,Train,-0.00964048970490694,-0.01228849016620948
2009-10-26,Train,0.007838146761059761,0.01209575768234661
2009-10-27,Train,0.025312457233667374,0.0302314306727427
2009-10-28,Train,0.0648847445845604,0.06064271981744018
2009-10-29,Train,0.04056230187416077,0.03706346798849092
2009-10-30,Train,0.07117544114589691,0.07446287366292337
2009-11-02,Train,0.07466872036457062,0.08096275054412527
2009-11-03,Train,0.07664719969034195,0.08095007970091883
2009-11-04,Train,0.06280449032783508,0.07307032444400297
2009-11-05,Train,0.031665850430727005,0.03093273720166767
2009-11-06,Train,0.028893711045384407,0.01971831414731584
2009-11-09,Train,0.01769183576107025,0.01447945512338578
2009-11-10,Train,0.013097076676785946,0.008482410720821232
2009-11-11,Train,0.008790204301476479,0.006378104090311254
2009-11-12,Train,0.002742192940786481,-0.003207404340242692
2009-11-13,Train,-0.005115082487463951,-0.01022487992284271
2009-11-16,Train,-0.011770039796829224,-0.01012147485843318
2009-11-17,Train,-0.014341603964567184,-0.01188338110828424
2009-11-18,Train,-0.009539919905364513,-0.01037202029986706
2009-11-19,Train,0.008425921201705933,0.01053593875584768
2009-11-20,Train,0.011695618741214275,0.01081954962158194
2009-11-23,Train,0.0034612319432199,-0.01132759417566409
2009-11-24,Train,0.0031417517457157373,0.002045922917796705
2009-11-25,Train,-0.002181889722123742,0.002716136963690996
2009-11-27,Train,0.01142527163028717,0.01424966146861895
2009-11-30,Train,0.013269627466797829,0.02272722296966112
2009-12-01,Train,0.012454613111913204,0.006589432551408425
2009-12-02,Train,0.0033687399700284004,0.006580461028716567
2009-12-03,Train,0.009097586385905743,-0.001594889400721389
2009-12-04,Train,0.014679237268865108,0.007706259311402119
2009-12-07,Train,0.022624598816037178,0.02391253110246661
2009-12-08,Train,0.03647392615675926,0.03643446780077286
2009-12-09,Train,0.028932733461260796,0.03357530582482093
2009-12-10,Train,0.031448639929294586,0.03792325810629649
2009-12-11,Train,0.03689686208963394,0.04736007482442495
2009-12-14,Train,0.03358883410692215,0.03322109018141428
2009-12-15,Train,0.03620132431387901,0.04221216623228208
2009-12-16,Train,0.034495726227760315,0.03133452142748783
2009-12-17,Train,0.04918648675084114,0.05933360320009751
2009-12-18,Train,0.043627433478832245,0.04408455071599793
2009-12-21,Train,0.030167466029524803,0.02624555892358327
2009-12-22,Train,0.013956218957901001,0.02078263621982135
2009-12-23,Train,0.012234102003276348,0.02172953981405956
2009-12-24,Train,0.008454065769910812,0.00826448612219255
2009-12-28,Train,-0.004189521074295044,-0.0095197410165615
2009-12-29,Train,0.0016303396550938487,0.006951981388453765
2009-12-30,Train,0.0009759626700542867,0.004765025545335755
2009-12-31,Train,0.0016564084216952324,0.002185758997182319
2010-01-04,Train,-0.0006849687197245657,0.003662257439646099
2010-01-05,Train,-0.01664883643388748,-0.01077121972689987
2010-01-06,Train,-0.017273839563131332,-0.01408751018162058
2010-01-07,Train,-0.034038279205560684,-0.04353472820549431
2010-01-08,Train,-0.04399009793996811,-0.04812025564946021
2010-01-11,Train,-0.04180531203746796,-0.04335638718222234
2010-01-12,Train,-0.032128795981407166,-0.0235910451104212
2010-01-13,Train,-0.05317015200853348,-0.06040991001593865
2010-01-14,Train,-0.06413763761520386,-0.07760289979491586
2010-01-15,Train,-0.04706821218132973,-0.05648855482622872
2010-01-19,Train,-0.05910633131861687,-0.06310364063275664
2010-01-20,Train,-0.05598560720682144,-0.04420729225267517
2010-01-21,Train,-0.06351017951965332,-0.06309084723425229
2010-01-22,Train,-0.019228652119636536,-0.02672102149576738
2010-01-25,Train,-0.023134058341383934,-0.03701203235200656
2010-01-26,Train,-0.02292994223535061,-0.02795936654863895
2010-01-27,Train,-0.026563670486211777,-0.03758389880316648
2010-01-28,Train,0.003198669059202075,0.002755429023811429
2010-01-29,Train,0.02469450607895851,0.02266878675512896
2010-02-01,Train,0.02146529033780098,0.02450303778128871
2010-02-02,Train,0.02187502197921276,0.0210767041646005
2010-02-03,Train,0.01996692456305027,0.0218728434227109
2010-02-04,Train,0.042791854590177536,0.05185365918713303
2010-02-05,Train,0.03761763125658035,0.0409493288733267
2010-02-08,Train,0.04046587646007538,0.03491918777608949
2010-02-09,Train,0.038938459008932114,0.03479471071127338
2010-02-10,Train,0.036641187965869904,0.03672705717213187
2010-02-11,Train,0.031634870916604996,0.02495993126381713
2010-02-12,Train,0.03394100442528725,0.03770570359156022
2010-02-16,Train,0.026939911767840385,0.02775269744372255
2010-02-17,Train,0.02182534709572792,0.02310968782475631
2010-02-18,Train,0.02016906440258026,0.0200669243366467
2010-02-19,Train,0.041538260877132416,0.03591337786961724
2010-02-22,Train,0.04205339774489403,0.04000887424399902
2010-02-23,Train,0.05595334619283676,0.05955618381346883
2010-02-24,Train,0.05596383661031723,0.05738618075696045
2010-02-25,Train,0.053586091846227646,0.06165919493462924
2010-02-26,Train,0.05282953381538391,0.05808763150841201
2010-03-01,Train,0.04414590075612068,0.04029953396176844
2010-03-02,Train,0.04438135400414467,0.0436882922458468
2010-03-03,Train,0.04358402267098427,0.04539473166866403
2010-03-04,Train,0.045309606939554214,0.0454645208973703
2010-03-05,Train,0.0203937329351902,0.02260988550404308
2010-03-08,Train,0.0247751884162426,0.02987318775230463
2010-03-09,Train,0.027460265904664993,0.03120322838010781
2010-03-10,Train,0.021033480763435364,0.01801997714254666
2010-03-11,Train,0.01613452285528183,0.01267164325562309
2010-03-12,Train,0.014206195250153542,0.01351350045186761
2010-03-15,Train,0.017296437174081802,0.02095677029200438
2010-03-16,Train,0.01523108221590519,0.01787964782818241
2010-03-17,Train,0.0122076366096735,0.01027903707338518
2010-03-18,Train,0.010431966744363308,0.006899393763835526
2010-03-19,Train,0.02012375369668007,0.02358388907770048
2010-03-22,Train,0.016429921612143517,0.01732057309619384
2010-03-23,Train,0.011662258766591549,0.007875669805497143
2010-03-24,Train,0.017152728512883186,0.01499377788087286
2010-03-25,Train,0.02142416313290596,0.02252342021216713
2010-03-26,Train,0.0212665107101202,0.02229166030883789
2010-03-29,Train,0.021997226402163506,0.0226000448462238
2010-03-30,Train,0.02680939808487892,0.03141145850249449
2010-03-31,Train,0.026636933907866478,0.04090534109104627
2010-04-01,Train,0.024215469136834145,0.02844682176547764
2010-04-05,Train,0.020792070776224136,0.01830897713378987
2010-04-06,Train,0.018577395007014275,0.02051282051282044
2010-04-07,Train,0.027299625799059868,0.02878876579132061
2010-04-08,Train,0.030161473900079727,0.03221172837008424
2010-04-09,Train,0.024558180943131447,0.03038959240390504
2010-04-12,Train,0.021953556686639786,0.02730793073001037
2010-04-13,Train,0.0030862423591315746,0.0004055242880662835
2010-04-14,Train,-0.0031249464955180883,-0.01081949343174249
2010-04-15,Train,-0.008065818808972836,0.001994783003998357
2010-04-16,Train,-0.002691111993044615,-0.005854978961786217
2010-04-19,Train,-0.005830948706716299,0.008686874852035897
2010-04-20,Train,-0.023826371878385544,-0.02653265718239639
2010-04-21,Train,-0.03618564456701279,-0.03697778371497085
2010-04-22,Train,-0.06929180771112442,-0.07433912892819594
2010-04-23,Train,-0.08918322622776031,-0.1011480713390667
2010-04-26,Train,-0.0568663664162159,-0.05237054944732289
2010-04-27,Train,-0.0307605043053627,-0.03283337914217244
2010-04-28,Train,-0.023944910615682602,-0.01519141211720032
2010-04-29,Train,-0.048722535371780396,-0.04738206430031899
2010-04-30,Train,-0.044892340898513794,-0.04691310508832103
2010-05-03,Train,-0.048182401806116104,-0.05707988096738825
2010-05-04,Train,-0.04279055446386337,-0.04129671665077927
2010-05-05,Train,-0.04240993410348892,-0.04400163799204093
2010-05-06,Train,-0.045157913118600845,-0.04767020045632198
2010-05-07,Train,-0.012965873815119267,-0.0125522945769555
2010-05-10,Train,-0.0632801428437233,-0.06510363367279637
2010-05-11,Train,-0.06251141428947449,-0.06328584200566734
2010-05-12,Train,-0.07857394963502884,-0.09090905524571491
2010-05-13,Train,-0.04601842910051346,-0.04137930209772478
2010-05-14,Train,-0.03499578684568405,-0.02834011980409057
2010-05-17,Train,-0.03366531804203987,-0.04035687026302615
2010-05-18,Train,-0.007587420754134655,-0.003876810337985592
2010-05-19,Train,0.0014356522588059306,0.01367775151182005
2010-05-20,Train,0.010288344696164131,0.01668549501526129
2010-05-21,Train,-0.005905274301767349,-0.01271185755763926
2010-05-24,Train,-0.007286377251148224,-0.01052398616903172
2010-05-25,Train,-0.006796332076191902,-0.01968682445403536
2010-05-26,Train,0.020505135878920555,0.01968323341329525
2010-05-27,Train,-0.0023600657004863024,-0.008066251155449122
2010-05-28,Train,0.0016428278759121895,-0.002412210511733237
2010-06-01,Train,0.013835795223712921,0.03386451458526429
2010-06-02,Train,0.00915301963686943,0.01405408704603039
2010-06-03,Train,0.004744095262140036,0.007710443798248923
2010-06-04,Train,0.03874297812581062,0.04235972146703326
2010-06-07,Train,0.0499141588807106,0.05263153359531558
2010-06-08,Train,0.050059784203767776,0.04639065660705333
2010-06-09,Train,0.053152114152908325,0.05088999447208398
2010-06-10,Train,0.012270314618945122,0.006212531200195048
2010-06-11,Train,-0.006249576341360807,-0.005054934994205063
2010-06-14,Train,-0.010201740078628063,-0.008353507454257003
2010-06-15,Train,-0.06586325168609619,-0.07150503571082656
2010-06-16,Train,-0.08484210819005966,-0.08933906833871319
2010-06-17,Train,-0.08271369338035583,-0.09479275572356616
2010-06-18,Train,-0.09079285711050034,-0.09638295275099729
2010-06-21,Train,-0.08312571048736572,-0.08583691268190419
2010-06-22,Train,-0.053007569164037704,-0.04930801278616515
2010-06-23,Train,-0.03576622158288956,-0.04017369174313112
2010-06-24,Train,-0.012634404003620148,-0.01609701360084725
2010-06-25,Train,-0.010507148690521717,-0.01148664573681257
2010-06-28,Train,-0.0007849181420169771,0.004876994407591262
2010-06-29,Train,0.04547534137964249,0.05049579191472398
2010-06-30,Train,0.06070132926106453,0.06766563923198743
2010-07-01,Train,0.05030885338783264,0.04108945747194759
2010-07-02,Train,0.05009130388498306,0.05297857158768293
2010-07-06,Train,0.056119486689567566,0.06244131320868518
2010-07-07,Train,0.025773048400878906,0.01546861508957509
2010-07-08,Train,0.032022859901189804,0.03552035447340129
2010-07-09,Train,0.0317700058221817,0.03227257902010505
2010-07-12,Train,0.0354946106672287,0.03776533244042413
2010-07-13,Train,0.022046757861971855,0.02404580396782352
2010-07-14,Train,0.015352738089859486,0.0107550010755002
2010-07-15,Train,0.006130222696810961,0.002412294167377871
2010-07-16,Train,0.040362998843193054,0.03315293675336917
2010-07-19,Train,0.03269752115011215,0.04360458173108084
2010-07-20,Train,0.018818164244294167,0.02673448837920622
2010-07-21,Train,0.04374004155397415,0.05152328110456672
2010-07-22,Train,0.020508022978901863,0.02315930440658787
2010-07-23,Train,0.014215763658285141,0.01519750167980005
2010-07-26,Train,0.010930769145488739,0.01378129249077142
2010-07-27,Train,0.007066212594509125,0.005385609863449936
2010-07-28,Train,-0.01700592041015625,-0.01411504282194487
2010-07-29,Train,-0.017612705007195473,-0.01465758438776488
2010-07-30,Train,-0.019662151113152504,-0.02379393407360608
2010-08-02,Train,-0.03524968400597572,-0.04006854521646586
2010-08-03,Train,-0.025412442162632942,-0.0236712343430775
2010-08-04,Train,-0.03456480801105499,-0.02961225884777774
2010-08-05,Train,-0.04297054186463356,-0.04206707545752741
2010-08-06,Train,-0.04133010655641556,-0.03934987636089293
2010-08-09,Train,-0.04948263615369797,-0.05522519515076485
2010-08-10,Train,-0.050933435559272766,-0.06470959420512556
2010-08-11,Train,-0.021404732018709183,-0.02929519353202137
2010-08-12,Train,-0.02491789311170578,-0.03330372934079762
2010-08-13,Train,-0.018943293020129204,-0.01453491744490354
2010-08-16,Train,-0.025578057393431664,-0.02656246979853882
2010-08-17,Train,-0.030812837183475494,-0.04209830047119123
2010-08-18,Train,-0.009978803806006908,-0.01734359887507042
2010-08-19,Train,0.015125781297683716,0.008916578371364059
2010-08-20,Train,0.02568908780813217,0.02426536502713939
2010-08-23,Train,0.0333072766661644,0.02742808528009677
2010-08-24,Train,0.05652659758925438,0.0595646823191891
2010-08-25,Train,0.0548698864877224,0.05355118281584037
2010-08-26,Train,0.07287426292896271,0.07028014456247944
2010-08-27,Train,0.0713595524430275,0.07215793798948567
2010-08-30,Train,0.09109941869974136,0.08805320107416836
2010-08-31,Train,0.09351541846990585,0.09871148195813162
2010-09-01,Train,0.06501299887895584,0.07104558588971033
2010-09-02,Train,0.06252378970384598,0.06031823813910187
2010-09-03,Train,0.059492144733667374,0.06129110220379408
2010-09-07,Train,0.0625937208533287,0.06827131028004141
2010-09-08,Train,0.050683289766311646,0.05275672706397794
2010-09-09,Train,0.04698844999074936,0.04824462306798272
2010-09-10,Train,0.04704153910279274,0.065665267671422
2010-09-13,Train,0.04073798283934593,0.04529099237351186
2010-09-14,Train,0.041681017726659775,0.04046360670335147
2010-09-15,Train,0.030861463397741318,0.03225132807387099
2010-09-16,Train,0.025889109820127487,0.02357115353536265
2010-09-17,Train,0.022975288331508636,0.0212543573117665
2010-09-20,Train,0.007649182807654142,-0.007167771363788211
2010-09-21,Train,0.014241584576666355,0.01720606632197397
2010-09-22,Train,0.011700382456183434,0.01109059212893726
2010-09-23,Train,0.01369623001664877,0.01520447311089002
2010-09-24,Train,0.008643534034490585,0.001812326880073156
2010-09-27,Train,0.010921119712293148,0.007693886876112721
2010-09-28,Train,0.016105184331536293,0.01498889395334535
2010-09-29,Train,0.015658525750041008,0.02495434204483549
2010-09-30,Train,0.02921316772699356,0.0275116870290808
2010-10-01,Train,0.0401504747569561,0.05060198820378181
2010-10-04,Train,0.04743538796901703,0.05816831108604692
2010-10-05,Train,0.027865557000041008,0.02335883711188846
2010-10-06,Train,0.03900275379419327,0.03981310385329362
2010-10-07,Train,0.03257424384355545,0.03804899967458097
2010-10-08,Train,0.035058751702308655,0.03798993748037049
2010-10-11,Train,0.03833268955349922,0.04259591947731356
2010-10-12,Train,0.035329420119524,0.03831566844061629
2010-10-13,Train,0.03009655326604843,0.03305617881657552
2010-10-14,Train,0.03517305105924606,0.0372868134944353
2010-10-15,Train,0.026604831218719482,0.01340063321453622
2010-10-18,Train,0.028987502679228783,0.01793376213109066
2010-10-19,Train,0.03677339851856232,0.03856747532944738
2010-10-20,Train,0.035489682108163834,0.03574920648854762
2010-10-21,Train,0.04027155786752701,0.04640275318648812
2010-10-22,Train,0.03430285304784775,0.03931058875465054
2010-10-25,Train,0.02523788809776306,0.03565238602002019
2010-10-26,Train,0.024759598076343536,0.02729198571896974
2010-10-27,Train,0.021499261260032654,0.02931601138634909
2010-10-28,Train,0.01846853829920292,0.02065013091413936
2010-10-29,Train,0.00841890461742878,0.006324224117045363
2010-11-01,Train,-0.00276227667927742,0.001723480476522932
2010-11-02,Train,-0.015807269141077995,-0.02519890199162178
2010-11-03,Train,-0.021081333979964256,-0.0267823834662877
2010-11-04,Train,-0.021482422947883606,-0.02310411600660389
2010-11-05,Train,-0.021107971668243408,-0.02235880359944808
2010-11-08,Train,-0.019826248288154602,-0.01544476749406698
2010-11-09,Train,-0.021451057866215706,-0.02581854159807762
2010-11-10,Train,-0.0168186966329813,-0.01116906692450192
2010-11-11,Train,-0.0093088923022151,-0.0114275121421068
2010-11-12,Train,0.01032267790287733,0.004189701537524293
2010-11-15,Train,0.005727400537580252,-0.004205720033023219
2010-11-16,Train,0.02582443132996559,0.0338191999604962
2010-11-17,Train,0.0249092448502779,0.04127909168802568
2010-11-18,Train,0.022260408848524094,0.02746516533143772
2010-11-19,Train,0.025694379583001137,0.02630069032423554
2010-11-22,Train,0.02334628626704216,0.01833304145720138
2010-11-23,Train,0.03358371555805206,0.03860192333418166
2010-11-24,Train,0.018714886158704758,0.01901359481436704
2010-11-26,Train,0.02691090852022171,0.03259429990113016
2010-11-29,Train,0.03331306204199791,0.02977431648878848
2010-11-30,Train,0.03428420051932335,0.04434634990447872
2010-12-01,Train,0.02253274992108345,0.01823653404300041
2010-12-02,Train,0.01498660072684288,0.01581988267374146
2010-12-03,Train,0.013136412017047405,0.01206611358394105
2010-12-06,Train,0.017026564106345177,0.01318482672773214
2010-12-07,Train,0.016619522124528885,0.01874532853583943
2010-12-08,Train,0.01142867375165224,0.01479288479981444
2010-12-09,Train,0.010909903794527054,0.01126917787391069
2010-12-10,Train,0.00841995794326067,0.005138534972876085
2010-12-13,Train,0.007934946566820145,0.006813976741867789
2010-12-14,Train,0.0064364951103925705,0.00716910622627287
2010-12-15,Train,0.010506056249141693,0.009231905491297487
2010-12-16,Train,0.0071822283789515495,-0.002198657796925074
2010-12-17,Train,0.01126368623226881,0.01449011204868489
2010-12-20,Train,0.018677745014429092,0.01301317937319957
2010-12-21,Train,0.019203053787350655,0.0154855583579887
2010-12-22,Train,0.020813165232539177,0.01895038412151751
2010-12-23,Train,0.02564249001443386,0.0206429890166131
2010-12-27,Train,0.0258856900036335,0.02391822826989443
2010-12-28,Train,0.027262654155492783,0.02725446731975878
2010-12-29,Train,0.02762281522154808,0.03230517299119184
2010-12-30,Train,0.02875157631933689,0.0351262712953242
2010-12-31,Train,0.03458357974886894,0.04663975318081737
2011-01-03,Train,0.02336755022406578,0.03344781103213723
2011-01-04,Train,0.023147771134972572,0.02243527869548534
2011-01-05,Train,0.01249088253825903,0.006637942603932467
2011-01-06,Train,0.0044541615061461926,-0.004291807432547645
2011-01-07,Train,0.0063483938574790955,0.01038127514127596
2011-01-10,Train,0.005421765614300966,0.008024196389968763
2011-01-11,Train,0.0053960117511451244,0.011930234783885
2011-01-12,Train,0.005084685981273651,0.01096179131596609
2011-01-13,Train,-0.002536951331421733,-0.01502301628332259
2011-01-14,Train,-0.004824521020054817,-0.01754385964912286
2011-01-18,Train,-0.0012907411437481642,-0.001924433356284228
2011-01-19,Train,0.009974236600100994,0.007963206092822972
2011-01-20,Train,0.015048366039991379,0.01693104175023286
2011-01-21,Train,0.023255813866853714,0.03053162273027921
2011-01-24,Train,0.019657541066408157,0.02125776344944308
2011-01-25,Train,0.019887259230017662,0.02653458398002573
2011-01-26,Train,0.018251586705446243,0.01935594648388705
2011-01-27,Train,0.012708445079624653,0.01469045379686462
2011-01-28,Train,0.03830244392156601,0.04862729421734202
2011-01-31,Train,0.03866070881485939,0.04607146126883377
2011-02-01,Train,0.02196579985320568,0.02541631520298981
2011-02-02,Train,0.028787581250071526,0.03370790053551764
2011-02-03,Train,0.02484709583222866,0.03154572719486648
2011-02-04,Train,0.013786369934678078,0.02352733441950483
2011-02-07,Train,-0.006897227372974157,-0.01075460069682244
2011-02-08,Train,-0.01609683968126774,-0.02533168080179771
2011-02-09,Train,-0.015827931463718414,-0.01847056256149582
2011-02-10,Train,-0.01394380908459425,-0.006377092881171387
2011-02-11,Train,-0.015752339735627174,-0.01146471910831126
2011-02-14,Train,-0.022431595250964165,-0.02970299802115028
2011-02-15,Train,-0.017023004591464996,-0.02324787368122327
2011-02-16,Train,-0.014795650728046894,-0.01036006452591409
2011-02-17,Train,-0.020907074213027954,-0.01512061468602699
2011-02-18,Train,-0.024158719927072525,-0.02622170828419357
2011-02-22,Train,0.001698790700174868,0.006838495493533436
2011-02-23,Train,-0.0026843154337257147,0.008309713482924419
2011-02-24,Train,-0.013390165753662586,-0.01266270159997229
2011-02-25,Train,-0.019987748935818672,-0.02012141919703836
2011-02-28,Train,-0.02349388599395752,-0.02561882517758285
2011-03-01,Train,-0.03070058673620224,-0.02375085275328992
2011-03-02,Train,-0.039902735501527786,-0.05232757955386336
2011-03-03,Train,-0.047975875437259674,-0.06212457359612822
2011-03-04,Train,-0.04793943837285042,-0.06072106923652365
2011-03-07,Train,-0.026226133108139038,-0.02955059743470112
2011-03-08,Train,-0.035369157791137695,-0.0351793226659991
2011-03-09,Train,-0.019109345972537994,-0.02314570792702542
2011-03-10,Train,0.013310353271663189,0.009975086914487452
2011-03-11,Train,0.010182644240558147,0.006195759669352485
2011-03-14,Train,0.0018763981061056256,0.004263596728834473
2011-03-15,Train,0.017969008535146713,0.02865381338067063
2011-03-16,Train,0.053049713373184204,0.05909504816380973
2011-03-17,Train,0.05303259193897247,0.05086914367203521
2011-03-18,Train,0.04966988041996956,0.05528004186148539
2011-03-21,Train,0.030835730955004692,0.03189190013988608
2011-03-22,Train,0.029970843344926834,0.03104688372982078
2011-03-23,Train,0.02653307467699051,0.02782263978698496
2011-03-24,Train,0.008202207274734974,0.009171083787772316
2011-03-25,Train,0.006288222968578339,0.001935267594234125
2011-03-28,Train,0.009903456084430218,0.004068628112558148
2011-03-29,Train,0.0013139466755092144,-0.01243873294313103
2011-03-30,Train,-0.0032753385603427887,-0.008718396047135424
2011-03-31,Train,-0.0032109650783240795,-0.01184050673101766
2011-04-01,Train,-0.007212657947093248,-0.01409672070135193
2011-04-04,Train,-0.007085013668984175,-0.01781037977319233
2011-04-05,Train,-0.0034625602420419455,-0.009103649640886169
2011-04-06,Train,0.0074419849552214146,0.01082785128809327
2011-04-07,Train,0.0133042111992836,0.01957355658845272
2011-04-08,Train,0.025173190981149673,0.027041279980623
2011-04-11,Train,0.029401108622550964,0.03629318946807492
2011-04-12,Train,0.03335074707865715,0.05055884943801736
2011-04-13,Train,0.031261034309864044,0.04010558760229399
2011-04-14,Train,0.040003616362810135,0.04105730098774774
2011-04-15,Train,0.039428845047950745,0.04095321504562355
2011-04-18,Train,0.03407207876443863,0.04337775336371519
2011-04-19,Train,0.03095172345638275,0.03533568999855086
2011-04-20,Train,0.010437890887260437,0.006910810362821262
2011-04-21,Train,0.006435432005673647,0.002228335066424725
2011-04-25,Train,0.00441631069406867,0.003419335655717948
2011-04-26,Train,0.002516257343813777,0.006290359296233117
2011-04-27,Train,-0.00850174855440855,-0.007767694861328445
2011-04-28,Train,-0.004627945367246866,-0.0003382455166985876
2011-04-29,Train,-0.01236880011856556,-0.01134058840347563
2011-05-02,Train,-0.017239641398191452,-0.02662370124342184
2011-05-03,Train,-0.015790382400155067,-0.01925365956481251
2011-05-04,Train,-0.014517245814204216,-0.009556272579786085
2011-05-05,Train,-0.011193386279046535,-0.001201092935662285
2011-05-06,Train,-0.01756409928202629,-0.01197196422653046
2011-05-09,Train,-0.027181249111890793,-0.03015846820889467
2011-05-10,Train,-0.035884346812963486,-0.04426421680473758
2011-05-11,Train,-0.029717599973082542,-0.03352616511705941
2011-05-12,Train,-0.028885023668408394,-0.03332771443683813
2011-05-13,Train,-0.016093172132968903,-0.01677794118809173
2011-05-16,Train,0.006475373636931181,0.01672472228140687
2011-05-17,Train,-0.010639755055308342,-0.008165413646449515
2011-05-18,Train,-0.018726307898759842,-0.01430051374848684
2011-05-19,Train,-0.02321942150592804,-0.03195328362146821
2011-05-20,Train,-0.029015082865953445,-0.03254286053692734
2011-05-23,Train,-0.022743282839655876,-0.01985237684063168
2011-05-24,Train,-0.0219337809830904,-0.02085911811103902
2011-05-25,Train,-0.026584139093756676,-0.02289134030820394
2011-05-26,Train,-0.03799387812614441,-0.04375218807672765
2011-05-27,Train,-0.03882334381341934,-0.04858089675607924
2011-05-31,Train,-0.03721621260046959,-0.05174777974947453
2011-06-01,Train,-0.04115285724401474,-0.04904535346955363
2011-06-02,Train,-0.04406242445111275,-0.05471066777673628
2011-06-03,Train,-0.037754129618406296,-0.04543030395589875
2011-06-06,Train,-0.020243803039193153,-0.03256395982643912
2011-06-07,Train,-0.01073664240539074,-0.01003766560496966
2011-06-08,Train,-0.008655094541609287,-0.0101100842167261
2011-06-09,Train,-0.0038126541767269373,-0.002703217180422546
2011-06-10,Train,0.005613130517303944,-0.004758388075356779
2011-06-13,Train,0.014234132133424282,0.01116399372557697
2011-06-14,Train,0.009068341925740242,0.0131911734771144
2011-06-15,Train,0.04284872114658356,0.03702336134900164
2011-06-16,Train,0.051369309425354004,0.05491858922793869
2011-06-17,Train,0.07085520774126053,0.07659414132293607
2011-06-20,Train,0.07091262936592102,0.076382487357598
2011-06-21,Train,0.05671223625540733,0.05721527926132874
2011-06-22,Train,0.06402740627527237,0.07951845066663621
2011-06-23,Train,0.05637179687619209,0.06667868840864877
2011-06-24,Train,0.06509730219841003,0.06583298907760571
2011-06-27,Train,0.04321109503507614,0.04108598113599404
2011-06-28,Train,0.027002235874533653,0.03014087098104601
2011-06-29,Train,0.020901471376419067,0.0140319880325559
2011-06-30,Train,0.014844153076410294,0.01402277384327921
2011-07-01,Train,0.0030605276115238667,-0.006389206231388056
2011-07-05,Train,0.011199310421943665,0.0111683454065441
2011-07-06,Train,0.00662068510428071,0.003596490609141689
2011-07-07,Train,-0.00465460866689682,-0.003378897666538205
2011-07-08,Train,0.0028748896438628435,0.00965610209404466
2011-07-11,Train,0.019833877682685852,0.02622499105889187
2011-07-12,Train,0.025366635993123055,0.03668290322599899
2011-07-13,Train,0.011491830460727215,0.005713328266002682
2011-07-14,Train,0.02053956687450409,0.01926779595692873
2011-07-15,Train,0.0025054237339645624,0.002592939150136919
2011-07-18,Train,0.002489433391019702,0.003302026828048144
2011-07-19,Train,-0.04795610532164574,-0.04384023930760095
2011-07-20,Train,-0.036113593727350235,-0.03054602640681936
2011-07-21,Train,-0.07895971089601517,-0.08170882136592539
2011-07-22,Train,-0.09845641255378723,-0.09681202669110467
2011-07-25,Train,-0.1314624696969986,-0.1494619949237846
2011-07-26,Train,-0.11348974704742432,-0.110682578745541
2011-07-27,Train,-0.10938294976949692,-0.1244620334523141
2011-07-28,Train,-0.09446077048778534,-0.08747207892614728
2011-07-29,Train,-0.07937058061361313,-0.07637931560647904
2011-08-01,Train,-0.06459654867649078,-0.05837517683365323
2011-08-02,Train,-0.044042978435754776,-0.04211833859258074
2011-08-03,Train,-0.048790112137794495,-0.05685617785876163
2011-08-04,Train,-0.05706442520022392,-0.05944244996950776
2011-08-05,Train,-0.06279394775629044,-0.07059266064459946
2011-08-08,Train,-0.007212845608592033,-0.007511386973099166
2011-08-09,Train,-0.014742097817361355,-0.0141429382852033
2011-08-10,Train,0.0333530567586422,0.03598108522210608
2011-08-11,Train,-0.009576212614774704,-0.02391707494465101
2011-08-12,Train,-0.005426705814898014,-0.008213526772737567
2011-08-15,Train,0.002332302974537015,0.004598969779120887
2011-08-16,Train,0.019020741805434227,0.01985157077055888
2011-08-17,Train,0.022315613925457,0.02762223761960625
2011-08-18,Train,0.06851090490818024,0.07085378913237306
2011-08-19,Train,0.06557959318161011,0.06496102497098
2011-08-22,Train,0.06393764913082123,0.06134239966571076
2011-08-23,Train,0.04000341147184372,0.04514155825279276
2011-08-24,Train,0.03500419110059738,0.03226420207340275
2011-08-25,Train,0.03442605584859848,0.02604666074528716
2011-08-26,Train,0.014820975251495838,0.01373987441295998
2011-08-29,Train,0.002140642376616597,-0.0005493275766634831
2011-08-30,Train,0.006278554908931255,0.007094767709438399
2011-08-31,Train,0.010343595407903194,0.02034142578914033
2011-09-01,Train,0.022999541833996773,0.03720672155794014
2011-09-02,Train,0.05457143858075142,0.06250003579858632
2011-09-06,Train,0.05220264196395874,0.05760930084596216
2011-09-07,Train,0.014246957376599312,0.01354322267080743
2011-09-08,Train,-0.01247711293399334,-0.01489239874394832
2011-09-09,Train,0.01763582043349743,0.01823996267650863
2011-09-12,Train,0.012279012240469456,0.01708128775565765
2011-09-13,Train,0.009618284180760384,0.01410766979176414
2011-09-14,Train,-0.014446367509663105,-0.01499280747658605
2011-09-15,Train,-0.03325928747653961,-0.04093982243799754
2011-09-16,Train,-0.07642660290002823,-0.07245093590856966
2011-09-19,Train,-0.08621136844158173,-0.09662605832409932
2011-09-20,Train,-0.07058826088905334,-0.07398867882334048
2011-09-21,Train,-0.026824841275811195,-0.03340560225961231
2011-09-22,Train,0.015717217698693275,0.01586409938546218
2011-09-23,Train,0.006395026110112667,-0.001477411427522335
2011-09-26,Train,0.01381127443164587,0.02117560922346184
2011-09-27,Train,0.011765950359404087,0.01752486445246504
2011-09-28,Train,0.03656212240457535,0.03796075080071559
2011-09-29,Train,0.060571104288101196,0.06013358944951608
2011-09-30,Train,0.1070411279797554,0.1084015706755677
2011-10-03,Train,0.11666706204414368,0.1200625628261403
2011-10-04,Train,0.11011002212762833,0.1111324622413303
2011-10-05,Train,0.06867146492004395,0.06239492301052807
2011-10-06,Train,0.0415370874106884,0.0396839947694565
2011-10-07,Train,0.0534728541970253,0.05973736934467766
2011-10-10,Train,0.028245894238352776,0.04558461055342766
2011-10-11,Train,0.025510990992188454,0.01811080368058682
2011-10-12,Train,0.017130155116319656,0.01183749119620425
2011-10-13,Train,0.017936626449227333,0.03028710739822205
2011-10-14,Train,0.007053884211927652,0.01306287929781247
2011-10-17,Train,0.010319171473383904,0.01169696225420913
2011-10-18,Train,-0.014691529795527458,-0.02672879818752216
2011-10-19,Train,0.004678715951740742,0.0008791847722808832
2011-10-20,Train,0.014884239993989468,0.02668312983675003
2011-10-21,Train,0.006201166659593582,0.008726003606586596
2011-10-24,Train,-0.0011983579024672508,-0.004787187313369912
2011-10-25,Train,0.011534800752997398,0.02685735806468847
2011-10-26,Train,0.0010705057065933943,-0.008032112463695618
2011-10-27,Train,-0.022282816469669342,-0.03517416734912049
2011-10-28,Train,-0.02280202880501747,-0.01849338612121976
2011-10-31,Train,-0.007852167822420597,-0.00793786157750731
2011-11-01,Train,0.014423576183617115,0.02994334660749787
2011-11-02,Train,0.0006233029998838902,0.004392129445576654
2011-11-03,Train,-0.03959593549370766,-0.03907051123379135
2011-11-04,Train,-0.04232269152998924,-0.04152245229862905
2011-11-07,Train,-0.058397743850946426,-0.06648340478873282
2011-11-08,Train,-0.06216461583971977,-0.07404892206621572
2011-11-09,Train,-0.05475245788693428,-0.06196092893281613
2011-11-10,Train,-0.060107987374067307,-0.06868611826394855
2011-11-11,Train,-0.055791210383176804,-0.05410539906614098
2011-11-14,Train,-0.05097977817058563,-0.05409637362241426
2011-11-15,Train,-0.03517252206802368,-0.02993293732143421
2011-11-16,Train,-0.012759702280163765,-0.006821749206566974
2011-11-17,Train,0.015856044366955757,0.01415004612073378
2011-11-18,Train,0.027862833812832832,0.03321299822940205
2011-11-21,Train,0.042974330484867096,0.05042329169622395
2011-11-22,Train,0.047492001205682755,0.04695527057587312
2011-11-23,Train,0.05353241041302681,0.05310561020337379
2011-11-25,Train,0.0739288255572319,0.07829045586280658
2011-11-28,Train,0.0329069085419178,0.03033625384467387
2011-11-29,Train,0.030128829181194305,0.02537692582406192
2011-11-30,Train,-0.0217149555683136,-0.02660046136257554
2011-12-01,Train,-0.03206059709191322,-0.0359280934252838
2011-12-02,Train,-0.030228104442358017,-0.03108439340753999
2011-12-05,Train,-0.03871350735425949,-0.05101331058732406
2011-12-06,Train,-0.02280018851161003,-0.02014718796405579
2011-12-07,Train,-0.03132927045226097,-0.03416259110697062
2011-12-08,Train,-0.010005864314734936,-0.009265867207068568
2011-12-09,Train,-0.01730400323867798,-0.01648541948724236
2011-12-12,Train,-0.004611064214259386,-0.002483139180492366
2011-12-13,Train,-0.0012645662063732743,-0.003048747741437152
2011-12-14,Train,0.0196527112275362,0.02004012208143346
2011-12-15,Train,0.029248187318444252,0.01991231492812817
2011-12-16,Train,0.037061020731925964,0.03718557952663271
2011-12-19,Train,0.04620493948459625,0.05191457493864671
2011-12-20,Train,0.030085209757089615,0.03003755222615845
2011-12-21,Train,0.04567088931798935,0.04861237535374863
2011-12-22,Train,0.03832438215613365,0.03633094448201968
2011-12-23,Train,0.03545639291405678,0.03495005386014971
2011-12-27,Train,0.03747957572340965,0.03413936898370395
2011-12-28,Train,0.043292418122291565,0.05036875749909853
2011-12-29,Train,0.04276246577501297,0.03911410182277653
2011-12-30,Train,0.04837491363286972,0.05158511837655011
2012-01-03,Train,0.043233901262283325,0.04551845488808848
2012-01-04,Train,0.04308347404003143,0.04760240199085275
2012-01-05,Train,0.03877546265721321,0.03749348766755589
2012-01-06,Train,0.03733733296394348,0.03425012100330305
2012-01-09,Train,0.037461571395397186,0.03575149967854463
2012-01-10,Train,0.03846777230501175,0.04117848642226751
2012-01-11,Train,0.03794832155108452,0.03541955602984204
2012-01-12,Train,0.035304754972457886,0.03442373963420198
2012-01-13,Train,0.0331396646797657,0.03901685193978466
2012-01-17,Train,0.03218499943614006,0.03099982495665832
2012-01-18,Train,0.031186703592538834,0.02571858692434148
2012-01-19,Train,0.025866223499178886,0.02255259706575474
2012-01-20,Train,0.03307468071579933,0.03814620648878919
2012-01-23,Train,0.03489023447036743,0.03696268691473992
2012-01-24,Train,0.03717281296849251,0.04105229139429101
2012-01-25,Train,0.03447062149643898,0.03359256609374883
2012-01-26,Train,0.03733336180448532,0.04466952129161017
2012-01-27,Train,0.035779524594545364,0.03427151726043109
2012-01-30,Train,0.036277782171964645,0.04301072690333352
2012-01-31,Train,0.03780950978398323,0.04427557176975228
2012-02-01,Train,0.03386892378330231,0.02867912138432871
2012-02-02,Train,0.031956322491168976,0.03953605652407965
2012-02-03,Train,0.022806141525506973,0.02224014641552174
2012-02-06,Train,0.02542038820683956,0.02596775177986399
2012-02-07,Train,0.02250884287059307,0.01915336562451286
2012-02-08,Train,0.02243458479642868,0.02049315742485081
2012-02-09,Train,0.021830907091498375,0.01669049816574963
2012-02-10,Train,0.025847449898719788,0.02529216904402842
2012-02-13,Train,0.022136544808745384,0.02616967059710573
2012-02-14,Train,0.02069121040403843,0.01898441061568534
2012-02-15,Train,0.025094710290431976,0.03425199451174632
2012-02-16,Train,0.01846439577639103,0.01948768910343701
2012-02-17,Train,0.017575718462467194,0.0121393132486487
2012-02-21,Train,0.012857306748628616,-0.0006288463314498838
2012-02-22,Train,0.016211312264204025,0.01168663719734697
2012-02-23,Train,0.01908835954964161,0.01584559609251479
2012-02-24,Train,0.017574461176991463,0.01657282010266758
2012-02-27,Train,0.015483454801142216,0.01561280175415325
2012-02-28,Train,0.02174740470945835,0.02411136416646564
2012-02-29,Train,0.02600276842713356,0.03229303032758191
2012-03-01,Train,0.025867115706205368,0.02711032325740836
2012-03-02,Train,0.02465210109949112,0.02543539119198379
2012-03-05,Train,0.041381657123565674,0.04345796025156567
2012-03-06,Train,0.04325549677014351,0.05568665931290795
2012-03-07,Train,0.04048098996281624,0.04776780057147811
2012-03-08,Train,0.03949210047721863,0.03444020628468869
2012-03-09,Train,0.031828586012125015,0.02952946627911879
2012-03-12,Train,0.03717288374900818,0.04704069815583289
2012-03-13,Train,0.024047259241342545,0.02942947306631538
2012-03-14,Train,0.02127145230770111,0.02180786019286107
2012-03-15,Train,0.015632253140211105,0.01499700053124298
2012-03-16,Train,0.015015332959592342,0.01548416206660708
2012-03-19,Train,0.016057079657912254,0.01880880991805367
2012-03-20,Train,0.012113790027797222,0.01668905880488514
2012-03-21,Train,0.009854929521679878,0.002681768441747279
2012-03-22,Train,0.006826870143413544,0.01104804160468786
2012-03-23,Train,-0.006080485414713621,0.004033412507009393
2012-03-26,Train,-0.021809328347444534,-0.02907067008060882
2012-03-27,Train,-0.023060426115989685,-0.02580269989522865
2012-03-28,Train,-0.016550226137042046,-0.01074482382545061
2012-03-29,Train,-0.022409165278077126,-0.02201533476730178
2012-03-30,Train,-0.024602606892585754,-0.03108817185258406
2012-04-02,Train,-0.022909635677933693,-0.0215384794242216
2012-04-03,Train,-0.024043889716267586,-0.02374326054341902
2012-04-04,Train,-0.020456762984395027,-0.02139676636119614
2012-04-05,Train,-0.02428881824016571,-0.03012405314168365
2012-04-09,Train,-0.025276578962802887,-0.03169167210880164
2012-04-10,Train,-0.012126275338232517,-0.02117033047981887
2012-04-11,Train,-0.00406157411634922,0.0
2012-04-12,Train,-0.005323634948581457,-0.005505174105373767
2012-04-13,Train,0.001852357410825789,0.01586335373371184
2012-04-16,Train,0.01228184625506401,0.02001535903850749
2012-04-17,Train,0.0007703040027990937,0.001347768327798482
2012-04-18,Train,0.0026595350354909897,0.006755696503810693
2012-04-19,Train,0.0010953437304124236,0.007439991789075728
2012-04-20,Train,-0.004786929115653038,-0.01492087929933161
2012-04-23,Train,-0.002033522119745612,-0.004917020372170899
2012-04-24,Train,-0.00573699502274394,-0.003244348879594017
2012-04-25,Train,-0.03469635918736458,-0.03205413621127806
2012-04-26,Train,-0.03908310830593109,-0.03964682887006876
2012-04-27,Train,-0.039482779800891876,-0.0455085909549463
2012-04-30,Train,-0.04529953375458717,-0.04763331640832891
2012-05-01,Train,-0.04891461133956909,-0.05234041679288193
2012-05-02,Train,-0.062138885259628296,-0.06143750494898115
2012-05-03,Train,-0.061544377356767654,-0.07143930629656758
2012-05-04,Train,-0.04537604749202728,-0.06012358204689006
2012-05-07,Train,-0.032748427242040634,-0.03474372669049808
2012-05-08,Train,-0.029475882649421692,-0.03223803664876579
2012-05-09,Train,-0.027657203376293182,-0.02736315811386469
2012-05-10,Train,-0.028229979798197746,-0.03178066424579895
2012-05-11,Train,-0.02766815572977066,-0.03287629480084941
2012-05-14,Train,-0.016880396753549576,-0.01132433469593663
2012-05-15,Train,-0.01643599383533001,-0.01641150573393491
2012-05-16,Train,-0.015067067928612232,-0.01398152641593065
2012-05-17,Train,-0.01345517486333847,-0.0194773697622368
2012-05-18,Train,0.00020760759070981294,0.0009866396520112897
2012-05-21,Train,-0.014432349242269993,-0.02223643300226452
2012-05-22,Train,-0.01085108146071434,0.001281259333988372
2012-05-23,Train,-0.001578254159539938,-0.004635564404753323
2012-05-24,Train,0.005115801002830267,0.01158483327962689
2012-05-25,Train,0.0037035373970866203,-0.004188792054317991
2012-05-29,Train,-0.002408117987215519,-0.004772498156978111
2012-05-30,Train,0.0021283787209540606,-0.003208739885513845
2012-05-31,Train,0.00715364795178175,0.004834019181792382
2012-06-01,Train,0.04061088711023331,0.04270819131884518
2012-06-04,Train,0.041480258107185364,0.04452115897361009
2012-06-05,Train,0.03997345268726349,0.05104710383522515
2012-06-06,Train,0.019589029252529144,0.02831094761362674
2012-06-07,Train,0.009682390838861465,0.006744791486394508
2012-06-08,Train,0.005156193859875202,0.007634794820918778
2012-06-11,Train,0.009195184335112572,0.005177150747686099
2012-06-12,Train,0.004754914436489344,-0.0006394008096108905
2012-06-13,Train,0.011993162333965302,0.01239337589773237
2012-06-14,Train,0.005383021663874388,-0.002565744801893866
2012-06-15,Train,0.010434363968670368,0.01857440788166453
2012-06-18,Train,0.00931860227137804,0.01211067349624262
2012-06-19,Train,0.005101648159325123,0.01011833044044197
2012-06-20,Train,0.005375463981181383,0.0099548822606077
2012-06-21,Train,0.011313416063785553,0.02281072182483346
2012-06-22,Train,0.005645160563290119,0.0102604821078951
2012-06-25,Train,0.01891537755727768,0.01995811753503873
2012-06-26,Train,0.00726718595251441,0.00799744076038178
2012-06-27,Train,0.006190129555761814,-0.00747219728619164
2012-06-28,Train,0.01683509163558483,0.01897106576691332
2012-06-29,Train,-0.00218757102265954,-0.01496263784873919
2012-07-02,Train,-0.008435597643256187,-0.01274280830253616
2012-07-03,Train,-0.0056187924928963184,-0.007705347583648825
2012-07-05,Train,-0.001999510917812586,0.002618176007181727
2012-07-06,Train,0.0008436816860921681,0.001871414723136455
2012-07-09,Train,-0.001528445864096284,-0.008437514305114746
2012-07-10,Train,0.0033969066571444273,-0.006469936157846745
2012-07-11,Train,0.008655705489218235,-0.007616622322274114
2012-07-12,Train,0.01679358445107937,0.0150568416164345
2012-07-13,Train,0.018279196694493294,0.02350901945971051
2012-07-16,Train,0.021701084449887276,0.02563289418241177
2012-07-17,Train,0.02030446007847786,0.01999062327819234
2012-07-18,Train,0.011936119757592678,0.00341669859898297
2012-07-19,Train,0.005580223631113768,-0.01105992684453505
2012-07-20,Train,0.024407070130109787,0.02117062041682582
2012-07-23,Train,0.045499008148908615,0.04160099949157403
2012-07-24,Train,0.05062508583068848,0.05860868003596087
2012-07-25,Train,0.05591404810547829,0.06523827584469566
2012-07-26,Train,0.04301682859659195,0.05444217801940932
2012-07-27,Train,0.03355871140956879,0.03067670386177657
2012-07-30,Train,0.03331900015473366,0.03394009501079731
2012-07-31,Train,0.03430270031094551,0.03472222058697838
2012-08-01,Train,0.03718569502234459,0.0403962325599081
2012-08-02,Train,0.03695783019065857,0.05653929085023668
2012-08-03,Train,0.03339419141411781,0.04146343420687959
2012-08-06,Train,0.031099237501621246,0.0350983320481093
2012-08-07,Train,0.023954031988978386,0.02250562589135985
2012-08-08,Train,0.02530936524271965,0.02716898054596095
2012-08-09,Train,0.024253476411104202,0.01571390386940008
2012-08-10,Train,0.02155405655503273,0.02138797924202196
2012-08-13,Train,0.018707934767007828,0.02059094228491376
2012-08-14,Train,0.01818917877972126,0.02013420451418901
2012-08-15,Train,0.011119133792817593,0.01755430353685195
2012-08-16,Train,0.004179470241069794,-0.004557447425651229
2012-08-17,Train,0.0012835543602705002,-0.00234186231600586
2012-08-20,Train,0.0021852541249245405,-0.004823178016459928
2012-08-21,Train,0.003364346921443939,-0.001907628465175226
2012-08-22,Train,0.007318567018955946,0.0160747986148686
2012-08-23,Train,0.011021260172128677,0.0229850817071362
2012-08-24,Train,0.005270390771329403,0.003660858056060645
2012-08-27,Train,0.00506769772619009,0.0004385786349072607
2012-08-28,Train,0.006945508066564798,0.003362510561524479
2012-08-30,Train,0.02388705685734749,0.03647912057452007
2012-08-31,Train,0.022859346121549606,0.03007622230370988
2012-09-04,Train,0.024806465953588486,0.03201645502164108
2012-09-05,Train,0.02606893889605999,0.03498978242091844
2012-09-06,Train,0.01074337400496006,0.01150586891705818
2012-09-07,Train,0.013783786445856094,0.01037017452885491
2012-09-10,Train,0.01460686419159174,0.01750797975216156
2012-09-11,Train,0.0008824672549962997,0.004822473032047192
2012-09-12,Train,-0.0013997153146192431,-0.006265486265255027
2012-09-13,Train,-0.006813636515289545,-0.006037926734996368
2012-09-14,Train,-0.013412878848612309,-0.02294101743161181
2012-09-17,Train,-0.018987255170941353,-0.0247827643705858
2012-09-18,Train,-0.019224943593144417,-0.02276929771675129
2012-09-19,Train,-0.014574890956282616,-0.01832387624385412
2012-09-20,Train,-0.015302504412829876,-0.01393435705131552
2012-09-21,Train,-0.018520323559641838,-0.01667851950813848
2012-09-24,Train,-0.020750002935528755,-0.01993116478672208
2012-09-25,Train,-0.02121814526617527,-0.02181500804825642
2012-09-26,Train,-0.022371692582964897,-0.0187683113867041
2012-09-27,Train,-0.02962523326277733,-0.03514608514068918
2012-09-28,Train,-0.0225058700889349,-0.02756306545223886
2012-10-01,Train,-0.020374801009893417,-0.01898646164131701
2012-10-02,Train,-0.02069491147994995,-0.008009253488112211
2012-10-03,Train,-0.020358869805932045,-0.01490375879323314
2012-10-04,Train,-0.03003746271133423,-0.02970436343069949
2012-10-05,Train,-0.03480841591954231,-0.04783999552279106
2012-10-08,Train,-0.03365714102983475,-0.03408927407565165
2012-10-09,Train,-0.02564718760550022,-0.02780259719282296
2012-10-10,Train,-0.02564651146531105,-0.0262999784069432
2012-10-11,Train,-0.026948517188429832,-0.02323482901567087
2012-10-12,Train,-0.027065536007285118,-0.01994603816688123
2012-10-15,Train,-0.03435489907860756,-0.03305048803365163
2012-10-16,Train,-0.03635505959391594,-0.03302994582032504
2012-10-17,Train,-0.038166701793670654,-0.04274388342895108
2012-10-18,Train,-0.0211604293435812,-0.02511520907137155
2012-10-19,Train,-0.006480298936367035,0.0006090273346754937
2012-10-22,Train,-0.02361859753727913,-0.02802178988470738
2012-10-23,Train,-0.02556387148797512,-0.03410306718230904
2012-10-24,Train,-0.025919457897543907,-0.02655008071983267
2012-10-25,Train,-0.029881011694669724,-0.02670358188110233
2012-10-26,Train,-0.03147518262267113,-0.03626624310975768
2012-10-31,Train,-0.034374136477708817,-0.041724332518983
2012-11-01,Train,-0.04274273291230202,-0.05829670270485021
2012-11-02,Train,-0.03500937670469284,-0.04403865294647769
2012-11-05,Train,-0.03253918141126633,-0.02774389843228731
2012-11-06,Train,-0.028860172256827354,-0.0292148805231266
2012-11-07,Train,-0.006337061990052462,-0.00374003226769104
2012-11-08,Train,0.02452668733894825,0.02754910833867097
2012-11-09,Train,0.02744423970580101,0.02758946857292077
2012-11-12,Train,0.02564994990825653,0.02428257584342597
2012-11-13,Train,0.03501373529434204,0.04033021783569057
2012-11-14,Train,0.05637948215007782,0.05896532591052761
2012-11-15,Train,0.05689946562051773,0.06077711343949299
2012-11-16,Train,0.053504593670368195,0.05409308143105163
2012-11-19,Train,0.023689331486821175,0.02900593461161383
2012-11-20,Train,0.01889120414853096,0.01724141539141866
2012-11-21,Train,0.017366373911499977,0.02174252124218912
2012-11-23,Train,-5.899816460441798e-05,0.0004622307949393445
2012-11-26,Train,-0.0008644792251288891,-0.0009204903085737737
2012-11-27,Train,0.009373367764055729,0.01554806266110131
2012-11-28,Train,0.000725393823813647,0.004731459155547624
2012-11-29,Train,-0.004631722811609507,-0.009103414810771149
2012-11-30,Train,-0.005368492566049099,-0.01686930940532694
2012-12-03,Train,0.002187234815210104,-0.001827244107404979
2012-12-04,Train,0.007924218662083149,0.01401806851808041
2012-12-05,Train,0.016782840713858604,0.02095532478237705
2012-12-06,Train,0.013488903641700745,0.01439072942127906
2012-12-07,Train,0.0071157957427203655,0.004158272628945081
2012-12-10,Train,-8.446641732007265e-05,-0.000767860099029849
2012-12-11,Train,-0.015073562040925026,-0.02228287393515771
2012-12-12,Train,-0.013965486548841,-0.02172262289838178
2012-12-13,Train,-0.013067851774394512,-0.02342671622249282
2012-12-14,Train,0.004908839240670204,0.006801589046317558
2012-12-17,Train,0.007771469186991453,0.02517153042970199
2012-12-18,Train,0.008058188483119011,0.004507819813771796
2012-12-19,Train,0.00623616436496377,0.005583988911240789
2012-12-20,Train,0.007724761962890625,0.005885894613263165
2012-12-21,Train,0.020400013774633408,0.02024539504000411
2012-12-24,Train,0.02597481571137905,0.02612566399592908
2012-12-26,Train,0.037164345383644104,0.04139532044876448
2012-12-27,Train,0.03458097204566002,0.0444099463134684
2012-12-28,Train,0.04394107311964035,0.04985889567323132
2012-12-31,Train,0.026413148269057274,0.02303086232544382
2013-01-02,Train,0.001345955184660852,-0.004464217797425452
2013-01-03,Train,0.006527852267026901,0.005534820568848131
2013-01-04,Train,0.006620519794523716,0.00660366891105757
2013-01-07,Train,0.0042378781363368034,0.00795196949982202
2013-01-08,Train,0.007222872227430344,0.01608538407729676
2013-01-09,Train,0.006531180813908577,-0.001647341418107628
2013-01-10,Train,0.0049469079822301865,-0.002530864576142045
2013-01-11,Train,0.00401053624227643,-0.001635453566129264
2013-01-14,Train,0.002177760936319828,0.002986926230157172
2013-01-15,Train,0.005370463244616985,0.005853210351564719
2013-01-16,Train,0.004344606306403875,-0.0004484122363624943
2013-01-17,Train,0.004873111378401518,0.006545707132042278
2013-01-18,Train,0.0014937620144337416,-0.008796724922844334
2013-01-22,Train,0.0032945892307907343,0.004167888925646457
2013-01-23,Train,-0.0003270084853284061,-0.005178258515822542
2013-01-24,Train,0.008711828850209713,0.009600950412371745
2013-01-25,Train,0.010367320850491524,0.01477608751894821
2013-01-28,Train,0.011799156665802002,0.01280715697407886
2013-01-29,Train,0.006407572887837887,0.00848718975198337
2013-01-30,Train,0.00438531581312418,0.01417494218473681
2013-01-31,Train,0.007771587464958429,0.01615065286826778
2013-02-01,Train,0.006172709167003632,0.001330126116162456
2013-02-04,Train,0.014077655039727688,0.02647404359152117
2013-02-05,Train,0.003617185866460204,-0.004002322068346276
2013-02-06,Train,-0.004694453440606594,-0.01145146739335778
2013-02-07,Train,-0.006170233245939016,-0.002377468868557386
2013-02-08,Train,-0.01586427167057991,-0.02470952137021643
2013-02-11,Train,-0.017298121005296707,-0.02132046069829885
2013-02-12,Train,-0.009483705274760723,-0.00723468874764055
2013-02-13,Train,-0.0034907697699964046,-0.0127998047808926
2013-02-14,Train,0.004055165220052004,-0.00838851685686448
2013-02-15,Train,0.002444733399897814,-0.001033205827663752
2013-02-19,Train,0.003244243562221527,0.006447867162666876
2013-02-20,Train,0.015127766877412796,0.0196457753662882
2013-02-21,Train,0.025269776582717896,0.03339854340203718
2013-02-22,Train,0.02388060837984085,0.02427758814768888
2013-02-25,Train,0.03378136456012726,0.04011466988456625
2013-02-26,Train,0.027664219960570335,0.03245197928692667
2013-02-27,Train,0.02577887289226055,0.02067221049686263
2013-02-28,Train,0.023812036961317062,0.02622954062971039
2013-03-01,Train,0.013276771642267704,0.01677062821125563
2013-03-04,Train,0.012163314037024975,0.01004728578767122
2013-03-05,Train,0.004266469739377499,-0.006552081337254712
2013-03-06,Train,0.004317753482609987,0.002919237220931681
2013-03-07,Train,-0.006053766701370478,-0.01106423219126773
2013-03-08,Train,-0.005373414605855942,-0.002617424952192859
2013-03-11,Train,-0.004876884166151285,-0.009134476898100874
2013-03-12,Train,-0.005592405796051025,-0.0001455491276600718
2013-03-13,Train,0.003126024967059493,0.002477135438488931
2013-03-14,Train,5.537532706512138e-05,0.001597452938956634
2013-03-15,Train,0.0015360566321760416,-0.0001459952695750388
2013-03-18,Train,0.0023754059802740812,0.009947341999771986
2013-03-19,Train,0.0010475465096533298,0.002638140060379879
2013-03-20,Train,-0.0014411420561373234,-0.00407508052725547
2013-03-21,Train,0.001884258002974093,-0.001030468048134003
2013-03-22,Train,0.00411017844453454,-0.005394301457093187
2013-03-25,Train,0.008693020790815353,0.004975182696880687
2013-03-26,Train,0.0081156762316823,0.01906560291149506
2013-03-27,Train,0.01259628590196371,0.0172964354538836
2013-03-28,Train,0.007546629291027784,0.01406410328454455
2013-04-01,Train,0.0051969862543046474,0.0008758767677918833
2013-04-02,Train,0.005566759966313839,0.006228277802341031
2013-04-03,Train,0.003732114564627409,-0.004385368158136504
2013-04-04,Train,-0.0001224460720550269,-0.0184130079002085
2013-04-05,Train,0.00558502459898591,0.003389267985122624
2013-04-08,Train,0.007103588432073593,0.008355316397315349
2013-04-09,Train,0.005507803987711668,0.01121136633146436
2013-04-10,Train,-0.004272869788110256,-0.008568958910118774
2013-04-11,Train,-0.0033547698985785246,-0.002857507563173045
2013-04-12,Train,0.003583380486816168,-0.005290287870550303
2013-04-15,Train,0.021111657842993736,0.02406653419829485
2013-04-16,Train,0.01850874535739422,0.01799337812056168
2013-04-17,Train,0.035635411739349365,0.0334752423853355
2013-04-18,Train,0.05496521666646004,0.0611880411253567
2013-04-19,Train,0.049624256789684296,0.05918646828372331
2013-04-22,Train,0.05168867111206055,0.05247856610417223
2013-04-23,Train,0.04383142665028572,0.04190070251951283
2013-04-24,Train,0.041739899665117264,0.04739269666243096
2013-04-25,Train,0.04102645069360733,0.04040693018814401
2013-04-26,Train,0.043858882039785385,0.05002160948970791
2013-04-29,Train,0.04015199840068817,0.04173195190688683
2013-04-30,Train,0.03790819272398949,0.03959269476855698
2013-05-01,Train,0.03832054138183594,0.04659751112001342
2013-05-02,Train,0.03347669914364815,0.0324073737114694
2013-05-03,Train,0.021608857437968254,0.03022740186014627
2013-05-06,Train,0.021878773346543312,0.02472376903041251
2013-05-07,Train,0.019402431324124336,0.02639574373416465
2013-05-08,Train,0.0150759844109416,0.01251552294825586
2013-05-09,Train,0.013896367512643337,0.01156860392273384
2013-05-10,Train,0.009429171681404114,0.004928139566215961
2013-05-13,Train,0.005098437424749136,0.01025430689443163
2013-05-14,Train,0.0006643289234489202,0.000272092945788005
2013-05-15,Train,-0.0005221444880589843,0.003529281155053354
2013-05-16,Train,-0.005501603242009878,-0.00462014342723327
2013-05-17,Train,-0.014208933338522911,-0.01238231171671633
2013-05-20,Train,-0.014566702768206596,-0.0160399299399685
2013-05-21,Train,-0.01777254417538643,-0.02989085352969167
2013-05-22,Train,-0.014138050377368927,-0.01657159977163636
2013-05-23,Train,-0.0033090009819716215,-0.0008168490277273843
2013-05-24,Train,-0.0004304610483814031,0.0001361463879219205
2013-05-28,Train,-0.01090940460562706,-0.01624031612064547
2013-05-29,Train,-0.010494591668248177,-0.02298072369277626
2013-05-30,Train,-0.009285788983106613,-0.01582575631158767
2013-05-31,Train,-0.011186332441866398,-0.01324233748400172
2013-06-03,Train,-0.008306998759508133,-0.005450993614826594
2013-06-04,Train,-0.0003448276547715068,0.007945230562393046
2013-06-05,Train,0.00014648078649770468,0.009854254745313762
2013-06-06,Train,-0.012673228979110718,-0.01892268947110909
2013-06-07,Train,-0.027245720848441124,-0.04033245822441256
2013-06-10,Train,-0.03901030868291855,-0.050258715663827
2013-06-11,Train,-0.03098464198410511,-0.03370483553926984
2013-06-12,Train,-0.008246689103543758,-0.0136394676179713
2013-06-13,Train,-0.021122191101312637,-0.02185272018420437
2013-06-14,Train,-0.01575813814997673,-0.01397346642623021
2013-06-17,Train,-0.017420461401343346,-0.0174020856953041
2013-06-18,Train,-0.021861020475625992,-0.02500684862049807
2013-06-19,Train,-0.008158083073794842,-0.0100330309991854
2013-06-20,Train,0.026566818356513977,0.02182180879059215
2013-06-21,Train,0.03176851570606232,0.03152067600573294
2013-06-24,Train,0.049705665558576584,0.04818575676467307
2013-06-25,Train,0.04579596966505051,0.0465547319463635
2013-06-26,Train,0.04752412438392639,0.05785238204070531
2013-06-27,Train,0.05289365351200104,0.0580301389499629
2013-06-28,Train,0.05032036080956459,0.05893089343992997
2013-07-01,Train,0.04832309111952782,0.05103895842751283
2013-07-02,Train,0.04933236539363861,0.05324783675179634
2013-07-03,Train,0.045127276331186295,0.04636962409952372
2013-07-05,Train,0.03127747029066086,0.02769350311556384
2013-07-08,Train,0.031237967312335968,0.02973153458152966
2013-07-09,Train,0.024557307362556458,0.01600774192039878
2013-07-10,Train,0.012095879763364792,0.01346752598285672
2013-07-11,Train,0.006728790234774351,0.0
2013-07-12,Train,0.0027226025704294443,0.0009296107833633993
2013-07-15,Train,0.0018826326122507453,-0.003180043194483173
2013-07-16,Train,0.004337256774306297,0.003449575392880488
2013-07-17,Train,0.004827435594052076,0.002779236252751449
2013-07-18,Train,0.012073990888893604,0.01552339294558891
2013-07-19,Train,0.0261165052652359,0.03190782946323178
2013-07-22,Train,0.021433161571621895,0.02954149387241611
2013-07-23,Train,0.019537199288606644,0.0309721970939878
2013-07-24,Train,0.019197218120098114,0.02577178750262155
2013-07-25,Train,0.019590791314840317,0.02440978793194049
2013-07-26,Train,0.01410017628222704,0.014859958556102
2013-07-29,Train,0.015129173174500465,0.01914123019747271
2013-07-30,Train,0.01579730398952961,0.01943674830209896
2013-07-31,Train,0.011421440169215202,0.01372576166825668
2013-08-01,Train,-0.01140010729432106,-0.01345699982984871
2013-08-02,Train,-0.013128424063324928,-0.01935816344210683
2013-08-05,Train,-0.013959728181362152,-0.02168265699470984
2013-08-06,Train,-0.00913645327091217,-0.01149421736520406
2013-08-07,Train,-0.013613934628665447,-0.01308558000471616
2013-08-08,Train,-0.013589421287178993,-0.0083333250549108
2013-08-09,Train,-0.00181861303281039,0.002353252846161169
2013-08-12,Train,-0.008158978074789047,0.0005217284007128509
2013-08-13,Train,-0.017473360523581505,-0.02542151910846713
2013-08-14,Train,-0.012686217203736305,-0.01796637543654722
2013-08-15,Train,0.010599342174828053,0.005959434982273359
2013-08-16,Train,0.010292214341461658,-0.0001325137226501072
2013-08-19,Train,0.011725056916475296,0.007299310721906815
2013-08-20,Train,0.0166789460927248,0.01360992039037345
2013-08-21,Train,0.019022716209292412,0.01882787328852009
2013-08-22,Train,0.01462992187589407,0.01011024955411721
2013-08-23,Train,0.017841627821326256,0.01512982509212102
2013-08-26,Train,0.017900459468364716,0.01955416527053022
2013-08-27,Train,0.03657490015029907,0.03886076913313863
2013-08-28,Train,0.034460753202438354,0.03420392178995724
2013-08-29,Train,0.02945452742278576,0.02764610978714943
2013-08-30,Train,0.031984031200408936,0.03153567265035484
2013-09-03,Train,0.03183983266353607,0.03254283492815158
2013-09-04,Train,0.03111170046031475,0.03389386657739357
2013-09-05,Train,0.027824711054563522,0.03461743608644219
2013-09-06,Train,0.02559674344956875,0.02677755817524874
2013-09-09,Train,0.013493591919541359,0.01284851569412382
2013-09-10,Train,0.006622825283557177,0.007927410226822529
2013-09-11,Train,0.007642749696969986,0.006405329434255869
2013-09-12,Train,0.009009335190057755,0.01486983721252977
2013-09-13,Train,0.01559979934245348,0.01293879282371657
2013-09-16,Train,0.015619317069649696,0.01323055619120228
2013-09-17,Train,0.007225288078188896,0.01671554820317889
2013-09-18,Train,0.004070148337632418,0.004287025315238058
2013-09-19,Train,-0.0036995322443544865,-0.009811305399960668
2013-09-20,Train,0.0024748696014285088,0.005190576948951087
2013-09-23,Train,-0.001281052827835083,-0.001141747623931932
2013-09-24,Train,-0.00874985009431839,-0.02042370383045344
2013-09-25,Train,-0.007961142808198929,-0.0201119431105089
2013-09-26,Train,-0.0035601614508777857,-0.007073355709807383
2013-09-27,Train,0.002937263809144497,0.002023569782811707
2013-09-30,Train,0.010076451115310192,0.0115365579842226
2013-10-01,Train,-0.002610990311950445,-0.002510001850855925
2013-10-02,Train,0.005395377520471811,0.009165043484674396
2013-10-03,Train,0.026199614629149437,0.02693083186373157
2013-10-04,Train,0.03145664557814598,0.03463476003969213
2013-10-07,Train,0.044131290167570114,0.04559314280775495
2013-10-08,Train,0.06244741752743721,0.06772851132948277
2013-10-09,Train,0.0583958774805069,0.06456213788747456
2013-10-10,Train,0.041826777160167694,0.04706776389154443
2013-10-11,Train,0.0417855903506279,0.04632081299317714
2013-10-14,Train,0.032450299710035324,0.03922793855750983
2013-10-15,Train,0.04231538996100426,0.04504270320149462
2013-10-16,Train,0.02999223954975605,0.03234643185316943
2013-10-17,Train,0.023002376779913902,0.02412177963846251
2013-10-18,Train,0.005150288343429565,0.00803403555028459
2013-10-21,Train,0.006030545569956303,0.007287725747320062
2013-10-22,Train,0.0057233660481870174,0.006913277330768519
2013-10-23,Train,0.011464239098131657,0.01281272838144187
2013-10-24,Train,0.0009166019153781235,-0.01056973809977557
2013-10-25,Train,-0.00044991628965362906,-0.004342588705974593
2013-10-28,Train,-0.0014945209259167314,-0.006150440401564539
2013-10-29,Train,0.0015441254945471883,-0.006260494321584598
2013-10-30,Train,0.008839648216962814,0.006748584429250526
2013-10-31,Train,0.011118155904114246,0.01219956667546129
2013-11-01,Train,0.011042611673474312,0.01388723052509699
2013-11-04,Train,0.002765306271612644,0.00253224507053984
2013-11-05,Train,-0.0014085022266954184,-0.001445376078529681
2013-11-06,Train,-0.0034089363180100918,-0.003614494599491702
2013-11-07,Train,0.025534680113196373,0.02578583510765475
2013-11-08,Train,0.018958326429128647,0.01756720295806802
2013-11-11,Train,0.02442217990756035,0.02159930469843285
2013-11-12,Train,0.024058330804109573,0.02532101180892354
2013-11-13,Train,0.020993566140532494,0.02011013031798425
2013-11-14,Train,0.020662134513258934,0.02303102905597454
2013-11-15,Train,0.016696864739060402,0.01810391006473999
2013-11-18,Train,0.023739304393529892,0.02730339534671167
2013-11-19,Train,0.02559133619070053,0.03124241604606137
2013-11-20,Train,0.027036117389798164,0.0324062926731794
2013-11-21,Train,0.023677287623286247,0.02944696022879056
2013-11-22,Train,0.0228378027677536,0.02809859114628677
2013-11-25,Train,0.022562632337212563,0.02494356115006213
2013-11-26,Train,0.01297803595662117,0.006498913737535306
2013-11-27,Train,0.00028185659903101623,-0.003050952035979382
2013-11-29,Train,0.0005566109321080148,-0.01026484134321837
2013-12-02,Train,0.0025839207228273153,-0.001871825641387215
2013-12-03,Train,0.0036981224548071623,-0.003044164911396807
2013-12-04,Train,0.007915189489722252,0.007603246486386661
2013-12-05,Train,0.012133314274251461,0.006090469538403642
2013-12-06,Train,0.006592545658349991,0.005813953488372103
2013-12-09,Train,0.00918299239128828,0.01227568276455693
2013-12-10,Train,0.009354803711175919,0.01344299478974875
2013-12-11,Train,0.02100420370697975,0.0300539745177506
2013-12-12,Train,0.027707289904356003,0.03013179833074675
2013-12-13,Train,0.028694607317447662,0.02993519105721654
2013-12-16,Train,0.027222417294979095,0.03094232769680372
2014-01-02,Test,0.01757199876010418,0.01271915495644471
2014-01-03,Test,0.024553857743740082,0.01431207147397195
2014-01-06,Test,0.024513881653547287,0.0258341446341237
2014-01-07,Test,0.020327294245362282,0.01905413200621098
2014-01-08,Test,0.01764421910047531,0.01340059364398272
2014-01-09,Test,0.03128907456994057,-0.003217637210966129
2014-01-10,Test,0.027399752289056778,-0.01603667212988391
2014-01-13,Test,0.026364261284470558,-0.001860291339790265
2014-01-14,Test,0.027011999860405922,-0.03103252907417275
2014-01-15,Test,0.029092473909258842,-0.02116105792080403
2014-01-16,Test,0.02947285957634449,-0.02387418732658941
2014-01-17,Test,0.028162330389022827,-0.04085112027869342
2014-01-21,Test,0.02644660323858261,-0.04110671105816721
2014-01-22,Test,0.02516026422381401,-0.04606889382886992
2014-01-23,Test,0.026721974834799767,-0.03062846531475438
2014-01-24,Test,0.02285405434668064,0.006456135598110091
2014-01-27,Test,0.016367431730031967,0.02211876009462577
2014-01-28,Test,0.01595715992152691,0.03436231368747178
2014-01-29,Test,0.02055012434720993,0.04756859650312673
2014-01-30,Test,0.016947155818343163,0.03618493934587241
2014-01-31,Test,0.014955819584429264,0.04103397534804309
2014-02-03,Test,0.023908238857984543,0.07070825744142017
2014-02-04,Test,0.023570064455270767,0.05558819205910437
2014-02-05,Test,0.02497904561460018,0.06328964996854203
2014-02-06,Test,0.023189261555671692,0.04850185175384025
2014-02-07,Test,0.020175622776150703,0.03562428982399601
2014-02-10,Test,0.01881329156458378,0.0285876357584669
2014-02-11,Test,0.014153548516333103,0.01610360648684095
2014-02-12,Test,0.016124852001667023,0.01652243678244503
2014-02-13,Test,0.01336662843823433,0.007921444898243424
2014-02-14,Test,0.011059450916945934,-0.001558839699968839
2014-02-18,Test,0.010098741389811039,0.006204959097991791
2014-02-19,Test,0.011581654660403728,0.01595448342068595
2014-02-20,Test,0.012803365476429462,0.01032759881908341
2014-02-21,Test,0.01403926219791174,0.006671838897865046
2014-02-24,Test,0.012347414158284664,0.002212110830009939
2014-02-25,Test,0.01258520781993866,-0.0009965268555370832
2014-02-26,Test,0.009933829307556152,0.003657255783918734
2014-02-27,Test,0.012314128689467907,-0.01282622325072258
2014-02-28,Test,0.012366567738354206,-0.01848570109189696
2014-03-03,Test,0.011784793809056282,-0.002453454055933224
2014-03-04,Test,0.010118183679878712,-0.003083347503849532
2014-03-05,Test,0.009681307710707188,-0.01120136910183944
2014-03-06,Test,0.01712164655327797,-0.007584110968860136
2014-03-07,Test,0.01593291200697422,-0.01690046172459203
2014-03-10,Test,0.019123533740639687,-0.02637677269119665
2014-03-11,Test,0.015012551099061966,-0.01895365840540753
2014-03-12,Test,0.0165304783731699,-0.03522520867944745
2014-03-13,Test,0.017098719254136086,-0.02688173788859238
2014-03-14,Test,0.02461867220699787,-0.01826993516004005
2014-03-17,Test,0.016649536788463593,-0.01989937216349846
2014-03-18,Test,0.011741883121430874,-0.01458079876972329
2014-03-19,Test,0.012088842689990997,-0.006663688005556501
2014-03-20,Test,0.015617087483406067,-0.0172776336557271
2014-03-21,Test,0.023229965940117836,-0.02955053093728055
2014-03-24,Test,0.023539161309599876,-0.03026522480163751
2014-03-25,Test,0.024445844814181328,-0.02451706864722325
2014-03-26,Test,0.029292071238160133,0.005150474237106462
2014-03-27,Test,0.036530379205942154,-0.02048801606317785
2014-03-28,Test,0.04170588031411171,-0.03377372014172353
2014-03-31,Test,0.03703130781650543,-0.03307860826334719
2014-04-01,Test,0.024880340322852135,-0.04663149955618495
2014-04-02,Test,0.02398417703807354,-0.03644903898975349
2014-04-03,Test,0.022203652188181877,-0.02851353897186237
2014-04-04,Test,0.03832193836569786,0.005441629921995039
2014-04-07,Test,0.0376901812851429,0.02314430925667144
2014-04-08,Test,0.035785190761089325,0.004864556592012681
2014-04-09,Test,0.03118669055402279,-0.00261903162984356
2014-04-10,Test,0.03130868449807167,0.01280850748330664
2014-04-11,Test,0.0357879176735878,0.02805850188117964
2014-04-14,Test,0.037965670228004456,0.02819402045167418
2014-04-15,Test,0.036210574209690094,0.02751318346769027
2014-04-16,Test,0.036072395741939545,0.01705733598860104
2014-04-17,Test,0.039041660726070404,0.01496520836656079
2014-04-21,Test,0.03257560729980469,0.0127821356190827
2014-04-22,Test,0.033047471195459366,-0.008225765231855808
2014-04-23,Test,0.03869723528623581,-0.002305262479393111
2014-04-24,Test,0.03470155596733093,-0.01267259992425485
2014-04-25,Test,0.029456425458192825,0.00707739404887775
2014-04-28,Test,0.02491403929889202,0.02035390437590379
2014-04-29,Test,0.021465202793478966,0.01296463063263054
2014-04-30,Test,0.027531754225492477,0.005034928990494736
2014-05-01,Test,0.016522128134965897,-0.005818620962372623
2014-05-02,Test,0.017707034945487976,0.002514587107953714
2014-05-05,Test,0.014104321599006653,0.004206967133833617
2014-05-06,Test,0.02581784874200821,0.01370812665445631
2014-05-07,Test,0.028485145419836044,0.02634009754625399
2014-05-08,Test,0.018650684505701065,0.03179925871012945
2014-05-09,Test,0.01733127050101757,0.0354838029190343
2014-05-12,Test,0.018885841593146324,0.03139517780431689
2014-05-13,Test,0.017038866877555847,0.02752293895093194
2014-05-14,Test,0.018509602174162865,0.0395081538012243
2014-05-15,Test,0.020825348794460297,0.04785400732330825
2014-05-16,Test,0.014480977319180965,0.04001826670696951
2014-05-19,Test,0.011573197320103645,0.03238225339938672
2014-05-20,Test,0.011448830366134644,0.03999996185302734
2014-05-21,Test,0.009887716732919216,0.03883391174978335
2014-05-22,Test,0.018025025725364685,0.04023306290295747
2014-05-23,Test,0.0026535845827311277,0.03193149570855036
2014-05-27,Test,-0.004526360891759396,0.02098905123197126
2014-05-28,Test,-0.004211442545056343,0.02391973258097901
2014-05-29,Test,-0.005829105153679848,0.008214676614795247
2014-05-30,Test,-0.00037203749525360763,0.01106124371082529
2014-06-02,Test,0.0008132784278132021,0.01293576287420573
2014-06-03,Test,0.0033156860154122114,0.01392845622741579
2014-06-04,Test,0.006619313731789589,0.01584358206755443
2014-06-05,Test,-0.0004509417631197721,0.006717983968268948
2014-06-06,Test,-0.0017796705942600965,-0.0005387098892718489
2014-06-09,Test,0.002362609375268221,0.0004312767172760523
2014-06-10,Test,0.0020559572149068117,-0.00226032402959464
2014-06-11,Test,0.00449709128588438,0.004306185041524246
2014-06-12,Test,0.0009464392787776887,0.01401404935758088
2014-06-13,Test,0.002196307759732008,0.01548960474331484
2014-06-16,Test,0.013244293630123138,0.01634201419149939
2014-06-17,Test,0.007154352962970734,0.02693353786218178
2014-06-18,Test,0.011403794400393963,0.02291058648435995
2014-06-19,Test,0.009087095968425274,0.03002898693535005
2014-06-20,Test,0.012269561178982258,0.0284575521674364
2014-06-23,Test,0.0059476587921381,0.01584223737686297
2014-06-24,Test,0.0014641165034845471,0.02437974337250859
2014-06-25,Test,0.0003810148045886308,0.01468541894240682
2014-06-26,Test,-0.004982717335224152,0.02067709857400457
2014-06-27,Test,-0.007752999663352966,0.02229329427083337
2014-06-30,Test,-0.007214273791760206,0.01703757226842328
2014-07-01,Test,-0.020100941881537437,0.01000628737953213
2014-07-02,Test,-0.019494928419589996,-0.005047273766988325
2014-07-03,Test,-0.021155700087547302,0.004388775462208283
2014-07-07,Test,-0.01837008073925972,0.006183799551880087
2014-07-08,Test,-0.006450660061091185,0.02493102504628353
2014-07-09,Test,-0.014727309346199036,0.02390484724459219
2014-07-10,Test,-0.009265104308724403,0.02598773493875695
2014-07-11,Test,-0.02500554732978344,0.01542984436338912
2014-07-14,Test,-0.025896349921822548,0.00970367634298519
2014-07-15,Test,-0.022120026871562004,0.01141237894996494
2014-07-16,Test,-0.02543703094124794,0.01136723301932596
2014-07-17,Test,-0.0031217823270708323,0.004227371431764437
2014-07-18,Test,-0.009085911326110363,-0.01508535722225912
2014-07-21,Test,-0.008351263590157032,-0.007083336512247684
2014-07-22,Test,-0.00644606864079833,-0.0209088527036454
2014-07-23,Test,-0.012811933644115925,-0.02787212403890071
2014-07-24,Test,-0.008154967799782753,-0.02985998191789552
2014-07-25,Test,-0.01273796521127224,-0.019020016317157
2014-07-28,Test,-0.018187327310442924,-0.01353722852162165
2014-07-29,Test,-0.006002272944897413,-0.01221532426309402
2014-07-30,Test,-0.010152608156204224,-0.005671303698903118
2014-07-31,Test,0.0009488952346146107,0.02010107061236943
2014-08-01,Test,0.0013751320075243711,0.02883704879830784
2014-08-04,Test,0.0026494325138628483,0.02968948636293756
2014-08-05,Test,0.00012341483670752496,0.04345069002508439
2014-08-06,Test,0.00011157632252434269,0.0442234495729048
2014-08-07,Test,-0.0008992419461719692,0.04967098540163728
2014-08-08,Test,0.0008204738842323422,0.04373025773605721
2014-08-11,Test,0.001298076706007123,0.04127385794252669
2014-08-12,Test,0.0010741741862148046,0.04275835159659991
2014-08-13,Test,-0.0011966690653935075,0.03204393164068842
2014-08-14,Test,-0.0040973396971821785,0.02558550860544218
2014-08-15,Test,-0.0015461771981790662,0.02443528969335396
2014-08-18,Test,-0.00834712851792574,0.01956187609879012
2014-08-19,Test,-0.014946107752621174,0.00790280073767824
2014-08-20,Test,-0.018792960792779922,0.006990906410747844
2014-08-21,Test,-0.02305423468351364,0.01001008946911375
2014-08-22,Test,-0.023490754887461662,0.01039877584616189
2014-08-25,Test,-0.024304095655679703,-0.00150906965368458
2014-08-26,Test,-0.024289175868034363,0.005728640148987107
2014-08-27,Test,-0.02833768166601658,0.004722681235499016
2014-08-28,Test,-0.03269530460238457,0.000704151415808596
2014-08-29,Test,-0.02524586208164692,-0.01262780268235386
2014-09-02,Test,-0.025553522631525993,-0.006895197796647268
2014-09-03,Test,-0.00808813888579607,0.0005025675580638822
2014-09-04,Test,-0.011746900156140327,0.008954617115543906
2014-09-05,Test,-0.012543411925435066,0.0009010308122445743
2014-09-08,Test,-0.007350893225520849,-0.01029175420116013
2014-09-09,Test,-0.0015892615774646401,-0.004735528672071831
2014-09-10,Test,-0.0008130521746352315,-0.002298424679074818
2014-09-11,Test,-0.004599034320563078,-0.0225022507057705
2014-09-12,Test,-0.009721318259835243,-0.00703663604759952
2014-09-15,Test,-0.007201754953712225,0.001319578636238772
2014-09-16,Test,-0.009985055774450302,-0.005936771525422158
2014-09-17,Test,-0.011871428228914738,-0.02330955212778318
2014-09-18,Test,-0.012747599743306637,-0.03061427734538458
2014-09-19,Test,-0.00900878943502903,-0.01810367200655583
2014-09-22,Test,-0.0041948044672608376,-0.01100458287432438
2014-09-23,Test,-0.0027945295441895723,-0.02237294099800946
2014-09-24,Test,-0.012475021183490753,-0.01392227003839452
2014-09-25,Test,-0.0004852432175539434,-0.00900345071261932
2014-09-26,Test,-0.009807785041630268,-0.04393598290669587
2014-09-29,Test,-0.00710975332185626,-0.05767868579214963
2014-09-30,Test,-0.00872562825679779,-0.05891284179459355
2014-10-01,Test,-0.0021863505244255066,-0.04978907914282371
2014-10-02,Test,0.0003102147893514484,-0.05575556239060853
2014-10-03,Test,0.00039714379818178713,-0.05266372889248727
2014-10-06,Test,0.0036045489832758904,-0.03644344352990192
2014-10-07,Test,0.006870634388178587,0.003106586442019887
2014-10-08,Test,0.006891466677188873,-0.02112741763469694
2014-10-09,Test,0.007154502905905247,0.009911202544118813
2014-10-10,Test,0.014193867333233356,0.04426090848281361
2014-10-13,Test,0.00629615131765604,0.06163945152072081
2014-10-14,Test,0.008289813995361328,0.07755188759605058
2014-10-15,Test,0.008897541090846062,0.08054557313832089
2014-10-16,Test,0.014655673876404762,0.08966113569508494
2014-10-17,Test,0.011914592236280441,0.09032259705246126
2014-10-20,Test,0.021462177857756615,0.07744461919548895
2014-10-21,Test,0.013281936757266521,0.04635075602832028
2014-10-22,Test,0.012327154166996479,0.05188336471410282
2014-10-23,Test,0.005776482168585062,0.03956248986562616
2014-10-24,Test,0.004672670271247625,0.03021695036043126
2014-10-27,Test,-0.002213954459875822,0.03313402130076804
2014-10-28,Test,0.0011918999953195453,0.02096225262251861
2014-10-29,Test,-0.003356221364811063,0.02655046178438392
2014-10-30,Test,-0.004800368100404739,0.02879429093654284
2014-10-31,Test,-0.007595717441290617,0.0179487146690005
2014-11-03,Test,-0.00833876058459282,0.01189780481982705
2014-11-04,Test,-0.003992937039583921,0.02288871034781037
2014-11-05,Test,-0.0030611471738666296,0.01815129020456374
2014-11-06,Test,-0.0017788815312087536,0.01947089861345952
2014-11-07,Test,-0.001676163519732654,0.02234256207237184
2014-11-10,Test,-0.0017239238368347287,0.02667714049751635
2014-11-11,Test,-0.0023252686951309443,0.02502930767644806
2014-11-12,Test,-0.006843557581305504,0.02986528973195623
2014-11-13,Test,-0.007577883079648018,0.03022352346194479
2014-11-14,Test,-0.003780922619625926,0.0154039558136696
2014-11-17,Test,-0.005582273472100496,0.02254396669192249
2014-11-18,Test,-0.008108479902148247,0.01678238675393473
2014-11-19,Test,-0.0015642526559531689,0.02092824029909646
2014-11-20,Test,-0.005369326565414667,0.0164946379345543
2014-11-21,Test,-0.004972632043063641,0.007316785277171389
2014-11-24,Test,-0.005261137615889311,0.002674806825378129
2014-11-25,Test,-0.004696473479270935,-0.01459365540576529
2014-11-26,Test,-0.003675749059766531,-0.0163001672292189
2014-11-28,Test,-0.003719313070178032,-0.03150649844335451
2014-12-01,Test,-0.009813741780817509,-0.03053140943404031
2014-12-02,Test,-0.009308897890150547,-0.0498907139838467
2014-12-03,Test,-0.01047045923769474,-0.03433878941437774
2014-12-04,Test,-0.00946842972189188,-0.01062923713948905
2014-12-05,Test,-0.007312433328479528,-0.01005881178801582
2014-12-08,Test,-0.005319261457771063,-0.0004778306764378071
2014-12-09,Test,-0.0008241121540777385,-0.007145579330620988
2014-12-10,Test,-0.0033071739599108696,0.00958286241951134
2014-12-11,Test,-0.012658774852752686,0.01194602916486653
2014-12-12,Test,-0.002309423638507724,0.02288885279080399
2014-12-15,Test,0.0040541295893490314,0.02667059411666384
2014-12-16,Test,-0.010569521225988865,0.03270650663405505
2014-12-17,Test,-0.005067089106887579,0.01119842195946519
2014-12-18,Test,-0.006005340255796909,-0.02705035678488454
2014-12-19,Test,-0.005909663625061512,-0.04074003079402677
2014-12-22,Test,-0.010725246742367744,-0.03078983710389416
2014-12-23,Test,-0.009127107448875904,-0.008732329341805345
2014-12-24,Test,-0.008178096264600754,-0.0161073850049851
2014-12-26,Test,-0.007626241073012352,-0.03322541730151141
2014-12-29,Test,-0.004186671692878008,-0.03332698640141385
2014-12-30,Test,-0.0031335335224866867,-0.03220859490204031
2014-12-31,Test,-0.0041413689032197,-0.03486681330867891
